"epoch","step","train/cardinality_error","train/cardinality_error_0","train/cardinality_error_1","train/cardinality_error_2","train/cardinality_error_enc","train/class_error","train/loss","train/loss_bbox","train/loss_bbox_0","train/loss_bbox_1","train/loss_bbox_2","train/loss_bbox_enc","train/loss_ce","train/loss_ce_0","train/loss_ce_1","train/loss_ce_2","train/loss_ce_enc","train/loss_giou","train/loss_giou_0","train/loss_giou_1","train/loss_giou_2","train/loss_giou_enc","train/lr","train/lr_max","train/lr_min","val/AP/fire","val/AP/smoke","val/F1","val/cardinality_error","val/cardinality_error_0","val/cardinality_error_1","val/cardinality_error_2","val/cardinality_error_enc","val/class_error","val/ema_mAP_50","val/ema_mAP_50_95","val/ema_mAR","val/loss","val/loss_bbox","val/loss_bbox_0","val/loss_bbox_1","val/loss_bbox_2","val/loss_bbox_enc","val/loss_ce","val/loss_ce_0","val/loss_ce_1","val/loss_ce_2","val/loss_ce_enc","val/loss_giou","val/loss_giou_0","val/loss_giou_1","val/loss_giou_2","val/loss_giou_enc","val/mAP_50","val/mAP_50_95","val/mAP_75","val/mAR","val/precision","val/recall"
"0","49","","","","","","","","","","","","","","","","","","","","","","","9.999999747378752e-05","9.999999747378752e-05","3.232564267818816e-06","","","","","","","","","","","","","","","","","","","","","","","","","","","","","","","","","",""
"0","99","","","","","","","","","","","","","","","","","","","","","","","9.999999747378752e-05","9.999999747378752e-05","3.232564267818816e-06","","","","","","","","","","","","","","","","","","","","","","","","","","","","","","","","","",""
"0","149","","","","","","","","","","","","","","","","","","","","","","","9.999999747378752e-05","9.999999747378752e-05","3.232564267818816e-06","","","","","","","","","","","","","","","","","","","","","","","","","","","","","","","","","",""
"0","199","","","","","","","","","","","","","","","","","","","","","","","9.999999747378752e-05","9.999999747378752e-05","3.232564267818816e-06","","","","","","","","","","","","","","","","","","","","","","","","","","","","","","","","","",""
"0","249","","","","","","","","","","","","","","","","","","","","","","","9.999999747378752e-05","9.999999747378752e-05","3.232564267818816e-06","","","","","","","","","","","","","","","","","","","","","","","","","","","","","","","","","",""
"0","299","","","","","","","","","","","","","","","","","","","","","","","9.999999747378752e-05","9.999999747378752e-05","3.232564267818816e-06","","","","","","","","","","","","","","","","","","","","","","","","","","","","","","","","","",""
"0","349","","","","","","","","","","","","","","","","","","","","","","","9.999999747378752e-05","9.999999747378752e-05","3.232564267818816e-06","","","","","","","","","","","","","","","","","","","","","","","","","","","","","","","","","",""
"0","399","","","","","","","","","","","","","","","","","","","","","","","9.999999747378752e-05","9.999999747378752e-05","3.232564267818816e-06","","","","","","","","","","","","","","","","","","","","","","","","","","","","","","","","","",""
"0","449","","","","","","","","","","","","","","","","","","","","","","","9.999999747378752e-05","9.999999747378752e-05","3.232564267818816e-06","","","","","","","","","","","","","","","","","","","","","","","","","","","","","","","","","",""
"0","484","","","","","","","","","","","","","","","","","","","","","","","","","","0.3574894666671753","0.42200151085853577","0.6759993433952332","298.7003479003906","298.072021484375","298.6213684082031","298.7137145996094","298.7671203613281","42.923553466796875","0.7411543726921082","0.4199769198894501","0.6622390151023865","4.9572649002075195","0.03149409964680672","0.03249884769320488","0.032061513513326645","0.03228713199496269","0.03756914660334587","0.5196672677993774","0.5489944219589233","0.5157373547554016","0.5153489112854004","0.5559554696083069","0.14256902039051056","0.14487794041633606","0.14509645104408264","0.14424200356006622","0.15921825170516968","0.7081626653671265","0.3897455036640167","0.378143846988678","0.6487218141555786","0.6774675250053406","0.6789143681526184"
"0","484","3881.33203125","3851.72900390625","3881.05078125","3888.75830078125","3892.7578125","7.447977542877197","9.227842330932617","0.06624913215637207","0.06831375509500504","0.06966666132211685","0.06802170723676682","0.07458007335662842","0.9324554204940796","1.012392282485962","0.9449052810668945","0.9311961531639099","1.0323289632797241","0.25555312633514404","0.26243308186531067","0.261797159910202","0.2590048909187317","0.28141549229621887","","","","","","","","","","","","","","","","","","","","","","","","","","","","","","","","","","","","",""
"1","499","","","","","","","","","","","","","","","","","","","","","","","9.999999747378752e-05","9.999999747378752e-05","3.232564267818816e-06","","","","","","","","","","","","","","","","","","","","","","","","","","","","","","","","","",""
"1","549","","","","","","","","","","","","","","","","","","","","","","","9.999999747378752e-05","9.999999747378752e-05","3.232564267818816e-06","","","","","","","","","","","","","","","","","","","","","","","","","","","","","","","","","",""
"1","599","","","","","","","","","","","","","","","","","","","","","","","9.999999747378752e-05","9.999999747378752e-05","3.232564267818816e-06","","","","","","","","","","","","","","","","","","","","","","","","","","","","","","","","","",""
"1","649","","","","","","","","","","","","","","","","","","","","","","","9.999999747378752e-05","9.999999747378752e-05","3.232564267818816e-06","","","","","","","","","","","","","","","","","","","","","","","","","","","","","","","","","",""
"1","699","","","","","","","","","","","","","","","","","","","","","","","9.999999747378752e-05","9.999999747378752e-05","3.232564267818816e-06","","","","","","","","","","","","","","","","","","","","","","","","","","","","","","","","","",""
"1","749","","","","","","","","","","","","","","","","","","","","","","","9.999999747378752e-05","9.999999747378752e-05","3.232564267818816e-06","","","","","","","","","","","","","","","","","","","","","","","","","","","","","","","","","",""
"1","799","","","","","","","","","","","","","","","","","","","","","","","9.999999747378752e-05","9.999999747378752e-05","3.232564267818816e-06","","","","","","","","","","","","","","","","","","","","","","","","","","","","","","","","","",""
"1","849","","","","","","","","","","","","","","","","","","","","","","","9.999999747378752e-05","9.999999747378752e-05","3.232564267818816e-06","","","","","","","","","","","","","","","","","","","","","","","","","","","","","","","","","",""
"1","899","","","","","","","","","","","","","","","","","","","","","","","9.999999747378752e-05","9.999999747378752e-05","3.232564267818816e-06","","","","","","","","","","","","","","","","","","","","","","","","","","","","","","","","","",""
"1","949","","","","","","","","","","","","","","","","","","","","","","","9.999999747378752e-05","9.999999747378752e-05","3.232564267818816e-06","","","","","","","","","","","","","","","","","","","","","","","","","","","","","","","","","",""
"1","969","","","","","","","","","","","","","","","","","","","","","","","","","","0.38905423879623413","0.4715847671031952","0.7140209078788757","298.76885986328125","296.8466796875","298.6370544433594","298.6986083984375","298.7566833496094","42.862159729003906","0.7755171656608582","0.44766971468925476","0.6693997383117676","4.652311325073242","0.03145024925470352","0.03316967561841011","0.03239408880472183","0.03247654065489769","0.04009115695953369","0.45842835307121277","0.49378806352615356","0.46605128049850464","0.4580892324447632","0.49670839309692383","0.13697004318237305","0.14322777092456818","0.14005380868911743","0.13858242332935333","0.15683463215827942","0.7612515091896057","0.43031951785087585","0.42567312717437744","0.6677290201187134","0.776809573173523","0.6666088104248047"
"1","969","3897.76123046875","3888.044921875","3896.78564453125","3895.216064453125","3898.502685546875","0.5779924392700195","8.311945915222168","0.0608070082962513","0.06139259412884712","0.0614270344376564","0.06134122610092163","0.0732131078839302","0.8186383247375488","0.8939856290817261","0.8381208777427673","0.821830689907074","0.9094388484954834","0.2354833036661148","0.24007761478424072","0.23875826597213745","0.23704466223716736","0.2681503891944885","","","","","","","","","","","","","","","","","","","","","","","","","","","","","","","","","","","","",""
"2","999","","","","","","","","","","","","","","","","","","","","","","","9.999999747378752e-05","9.999999747378752e-05","3.232564267818816e-06","","","","","","","","","","","","","","","","","","","","","","","","","","","","","","","","","",""
"2","1049","","","","","","","","","","","","","","","","","","","","","","","9.999999747378752e-05","9.999999747378752e-05","3.232564267818816e-06","","","","","","","","","","","","","","","","","","","","","","","","","","","","","","","","","",""
"2","1099","","","","","","","","","","","","","","","","","","","","","","","9.999999747378752e-05","9.999999747378752e-05","3.232564267818816e-06","","","","","","","","","","","","","","","","","","","","","","","","","","","","","","","","","",""
"2","1149","","","","","","","","","","","","","","","","","","","","","","","9.999999747378752e-05","9.999999747378752e-05","3.232564267818816e-06","","","","","","","","","","","","","","","","","","","","","","","","","","","","","","","","","",""
"2","1199","","","","","","","","","","","","","","","","","","","","","","","9.999999747378752e-05","9.999999747378752e-05","3.232564267818816e-06","","","","","","","","","","","","","","","","","","","","","","","","","","","","","","","","","",""
"2","1249","","","","","","","","","","","","","","","","","","","","","","","9.999999747378752e-05","9.999999747378752e-05","3.232564267818816e-06","","","","","","","","","","","","","","","","","","","","","","","","","","","","","","","","","",""
"2","1299","","","","","","","","","","","","","","","","","","","","","","","9.999999747378752e-05","9.999999747378752e-05","3.232564267818816e-06","","","","","","","","","","","","","","","","","","","","","","","","","","","","","","","","","",""
"2","1349","","","","","","","","","","","","","","","","","","","","","","","9.999999747378752e-05","9.999999747378752e-05","3.232564267818816e-06","","","","","","","","","","","","","","","","","","","","","","","","","","","","","","","","","",""
"2","1399","","","","","","","","","","","","","","","","","","","","","","","9.999999747378752e-05","9.999999747378752e-05","3.232564267818816e-06","","","","","","","","","","","","","","","","","","","","","","","","","","","","","","","","","",""
"2","1449","","","","","","","","","","","","","","","","","","","","","","","9.999999747378752e-05","9.999999747378752e-05","3.232564267818816e-06","","","","","","","","","","","","","","","","","","","","","","","","","","","","","","","","","",""
"2","1454","","","","","","","","","","","","","","","","","","","","","","","","","","0.3888976275920868","0.49222713708877563","0.7157097458839417","298.77178955078125","298.6962890625","298.7508850097656","298.7648010253906","298.77874755859375","42.96417236328125","0.7869876623153687","0.4611760973930359","0.6676433682441711","4.527451515197754","0.029313135892152786","0.03131957724690437","0.029987309128046036","0.03002314083278179","0.03650691360235214","0.4569709300994873","0.4838189482688904","0.460472047328949","0.4565160274505615","0.4975169897079468","0.13451270759105682","0.13698908686637878","0.1355753242969513","0.13532754778862","0.15079833567142487","0.7634347081184387","0.4405623972415924","0.44436898827552795","0.6571182012557983","0.7861204743385315","0.656913697719574"
"2","1454","3898.6884765625","3893.464111328125","3898.32861328125","3896.446533203125","3898.72607421875","0.8029586672782898","7.9649882316589355","0.057210806757211685","0.0585956797003746","0.05799245089292526","0.05755103379487991","0.07072927057743073","0.7844412922859192","0.8464635610580444","0.8014723062515259","0.7878594398498535","0.8661748766899109","0.22838222980499268","0.23331022262573242","0.23119322955608368","0.22904346883296967","0.26216062903404236","","","","","","","","","","","","","","","","","","","","","","","","","","","","","","","","","","","","",""
"3","1499","","","","","","","","","","","","","","","","","","","","","","","9.999999747378752e-05","9.999999747378752e-05","3.232564267818816e-06","","","","","","","","","","","","","","","","","","","","","","","","","","","","","","","","","",""
"3","1549","","","","","","","","","","","","","","","","","","","","","","","9.999999747378752e-05","9.999999747378752e-05","3.232564267818816e-06","","","","","","","","","","","","","","","","","","","","","","","","","","","","","","","","","",""
"3","1599","","","","","","","","","","","","","","","","","","","","","","","9.999999747378752e-05","9.999999747378752e-05","3.232564267818816e-06","","","","","","","","","","","","","","","","","","","","","","","","","","","","","","","","","",""
"3","1649","","","","","","","","","","","","","","","","","","","","","","","9.999999747378752e-05","9.999999747378752e-05","3.232564267818816e-06","","","","","","","","","","","","","","","","","","","","","","","","","","","","","","","","","",""
"3","1699","","","","","","","","","","","","","","","","","","","","","","","9.999999747378752e-05","9.999999747378752e-05","3.232564267818816e-06","","","","","","","","","","","","","","","","","","","","","","","","","","","","","","","","","",""
"3","1749","","","","","","","","","","","","","","","","","","","","","","","9.999999747378752e-05","9.999999747378752e-05","3.232564267818816e-06","","","","","","","","","","","","","","","","","","","","","","","","","","","","","","","","","",""
"3","1799","","","","","","","","","","","","","","","","","","","","","","","9.999999747378752e-05","9.999999747378752e-05","3.232564267818816e-06","","","","","","","","","","","","","","","","","","","","","","","","","","","","","","","","","",""
"3","1849","","","","","","","","","","","","","","","","","","","","","","","9.999999747378752e-05","9.999999747378752e-05","3.232564267818816e-06","","","","","","","","","","","","","","","","","","","","","","","","","","","","","","","","","",""
"3","1899","","","","","","","","","","","","","","","","","","","","","","","9.999999747378752e-05","9.999999747378752e-05","3.232564267818816e-06","","","","","","","","","","","","","","","","","","","","","","","","","","","","","","","","","",""
"3","1939","","","","","","","","","","","","","","","","","","","","","","","","","","0.39374449849128723","0.4796389043331146","0.7286407947540283","298.75494384765625","298.76190185546875","298.7648010253906","298.7415771484375","298.77410888671875","42.9071044921875","0.8006857633590698","0.47035205364227295","0.660888671875","4.545992374420166","0.031167808920145035","0.031174512580037117","0.030406292527914047","0.03055238537490368","0.03814627230167389","0.4432518482208252","0.48177269101142883","0.45747798681259155","0.45221078395843506","0.49023380875587463","0.13772282004356384","0.13886311650276184","0.13851110637187958","0.1378675401210785","0.15393994748592377","0.7766791582107544","0.4366917014122009","0.4253505766391754","0.6456372141838074","0.7547448873519897","0.7064720988273621"
"3","1939","3898.8212890625","3898.09423828125","3898.707763671875","3896.6220703125","3898.71142578125","0.7909490466117859","7.817092418670654","0.05788949504494667","0.058223284780979156","0.057995956391096115","0.05786437168717384","0.0699707418680191","0.7612552642822266","0.8197476863861084","0.7764826416969299","0.7652265429496765","0.8429403901100159","0.22762712836265564","0.22952134907245636","0.22891385853290558","0.22780245542526245","0.25699561834335327","","","","","","","","","","","","","","","","","","","","","","","","","","","","","","","","","","","","",""
"4","1949","","","","","","","","","","","","","","","","","","","","","","","9.999999747378752e-05","9.999999747378752e-05","3.232564267818816e-06","","","","","","","","","","","","","","","","","","","","","","","","","","","","","","","","","",""
"4","1999","","","","","","","","","","","","","","","","","","","","","","","9.999999747378752e-05","9.999999747378752e-05","3.232564267818816e-06","","","","","","","","","","","","","","","","","","","","","","","","","","","","","","","","","",""
"4","2049","","","","","","","","","","","","","","","","","","","","","","","9.999999747378752e-05","9.999999747378752e-05","3.232564267818816e-06","","","","","","","","","","","","","","","","","","","","","","","","","","","","","","","","","",""
"4","2099","","","","","","","","","","","","","","","","","","","","","","","9.999999747378752e-05","9.999999747378752e-05","3.232564267818816e-06","","","","","","","","","","","","","","","","","","","","","","","","","","","","","","","","","",""
"4","2149","","","","","","","","","","","","","","","","","","","","","","","9.999999747378752e-05","9.999999747378752e-05","3.232564267818816e-06","","","","","","","","","","","","","","","","","","","","","","","","","","","","","","","","","",""
"4","2199","","","","","","","","","","","","","","","","","","","","","","","9.999999747378752e-05","9.999999747378752e-05","3.232564267818816e-06","","","","","","","","","","","","","","","","","","","","","","","","","","","","","","","","","",""
"4","2249","","","","","","","","","","","","","","","","","","","","","","","9.999999747378752e-05","9.999999747378752e-05","3.232564267818816e-06","","","","","","","","","","","","","","","","","","","","","","","","","","","","","","","","","",""
"4","2299","","","","","","","","","","","","","","","","","","","","","","","9.999999747378752e-05","9.999999747378752e-05","3.232564267818816e-06","","","","","","","","","","","","","","","","","","","","","","","","","","","","","","","","","",""
"4","2349","","","","","","","","","","","","","","","","","","","","","","","9.999999747378752e-05","9.999999747378752e-05","3.232564267818816e-06","","","","","","","","","","","","","","","","","","","","","","","","","","","","","","","","","",""
"4","2399","","","","","","","","","","","","","","","","","","","","","","","9.999999747378752e-05","9.999999747378752e-05","3.232564267818816e-06","","","","","","","","","","","","","","","","","","","","","","","","","","","","","","","","","",""
"4","2424","","","","","","","","","","","","","","","","","","","","","","","","","","0.40831735730171204","0.4978227913379669","0.7472789287567139","298.77642822265625","298.77178955078125","298.76654052734375","298.7636413574219","298.77410888671875","42.84002685546875","0.8064684867858887","0.47860652208328247","0.6711901426315308","4.507763385772705","0.031732041388750076","0.03351857513189316","0.031860850751399994","0.03220463544130325","0.04158419743180275","0.4290286898612976","0.46458572149276733","0.43654292821884155","0.429916650056839","0.48417821526527405","0.13662222027778625","0.14000967144966125","0.13707579672336578","0.13697549700737","0.1538214534521103","0.7974505424499512","0.4530700743198395","0.4564359486103058","0.6566634178161621","0.8045646548271179","0.6977065801620483"
"4","2424","3898.759765625","3897.798095703125","3898.732421875","3893.706298828125","3898.52001953125","0.952682614326477","7.748697757720947","0.05638490989804268","0.05859953537583351","0.057868655771017075","0.05675654113292694","0.0717674046754837","0.7574710845947266","0.807487964630127","0.7683539986610413","0.7601236701011658","0.8299381732940674","0.22303518652915955","0.22831851243972778","0.22676528990268707","0.2241653949022293","0.2569325268268585","","","","","","","","","","","","","","","","","","","","","","","","","","","","","","","","","","","","",""
"5","2449","","","","","","","","","","","","","","","","","","","","","","","9.999999747378752e-05","9.999999747378752e-05","3.232564267818816e-06","","","","","","","","","","","","","","","","","","","","","","","","","","","","","","","","","",""
"5","2499","","","","","","","","","","","","","","","","","","","","","","","9.999999747378752e-05","9.999999747378752e-05","3.232564267818816e-06","","","","","","","","","","","","","","","","","","","","","","","","","","","","","","","","","",""
"5","2549","","","","","","","","","","","","","","","","","","","","","","","9.999999747378752e-05","9.999999747378752e-05","3.232564267818816e-06","","","","","","","","","","","","","","","","","","","","","","","","","","","","","","","","","",""
"5","2599","","","","","","","","","","","","","","","","","","","","","","","9.999999747378752e-05","9.999999747378752e-05","3.232564267818816e-06","","","","","","","","","","","","","","","","","","","","","","","","","","","","","","","","","",""
"5","2649","","","","","","","","","","","","","","","","","","","","","","","9.999999747378752e-05","9.999999747378752e-05","3.232564267818816e-06","","","","","","","","","","","","","","","","","","","","","","","","","","","","","","","","","",""
"5","2699","","","","","","","","","","","","","","","","","","","","","","","9.999999747378752e-05","9.999999747378752e-05","3.232564267818816e-06","","","","","","","","","","","","","","","","","","","","","","","","","","","","","","","","","",""
"5","2749","","","","","","","","","","","","","","","","","","","","","","","9.999999747378752e-05","9.999999747378752e-05","3.232564267818816e-06","","","","","","","","","","","","","","","","","","","","","","","","","","","","","","","","","",""
"5","2799","","","","","","","","","","","","","","","","","","","","","","","9.999999747378752e-05","9.999999747378752e-05","3.232564267818816e-06","","","","","","","","","","","","","","","","","","","","","","","","","","","","","","","","","",""
"5","2849","","","","","","","","","","","","","","","","","","","","","","","9.999999747378752e-05","9.999999747378752e-05","3.232564267818816e-06","","","","","","","","","","","","","","","","","","","","","","","","","","","","","","","","","",""
"5","2899","","","","","","","","","","","","","","","","","","","","","","","9.999999747378752e-05","9.999999747378752e-05","3.232564267818816e-06","","","","","","","","","","","","","","","","","","","","","","","","","","","","","","","","","",""
"5","2909","","","","","","","","","","","","","","","","","","","","","","","","","","0.40465521812438965","0.5138108730316162","0.743697464466095","298.7793273925781","298.77642822265625","298.78106689453125","298.77642822265625","298.77294921875","42.863948822021484","0.8041688799858093","0.481571763753891","0.6726969480514526","4.441648006439209","0.030399488285183907","0.03131993114948273","0.030466515570878983","0.030696872621774673","0.03722194582223892","0.438889741897583","0.4590144753456116","0.4428994357585907","0.43694382905960083","0.4677131175994873","0.13480645418167114","0.13794833421707153","0.13675805926322937","0.1357986479997635","0.15252037346363068","0.7904193997383118","0.45923304557800293","0.46624937653541565","0.6607469320297241","0.7731600403785706","0.7175120711326599"
"5","2909","3898.81640625","3898.403564453125","3898.71240234375","3897.841552734375","3898.059326171875","0.40472719073295593","7.664154529571533","0.05607413128018379","0.05778878927230835","0.05734704062342644","0.0562068410217762","0.07067593187093735","0.7419044375419617","0.7963771820068359","0.7530168890953064","0.7453792691230774","0.8231996893882751","0.2226191908121109","0.22813980281352997","0.22601452469825745","0.22343498468399048","0.2566985487937927","","","","","","","","","","","","","","","","","","","","","","","","","","","","","","","","","","","","",""
"6","2949","","","","","","","","","","","","","","","","","","","","","","","9.999999747378752e-05","9.999999747378752e-05","3.232564267818816e-06","","","","","","","","","","","","","","","","","","","","","","","","","","","","","","","","","",""
"6","2999","","","","","","","","","","","","","","","","","","","","","","","9.999999747378752e-05","9.999999747378752e-05","3.232564267818816e-06","","","","","","","","","","","","","","","","","","","","","","","","","","","","","","","","","",""
"6","3049","","","","","","","","","","","","","","","","","","","","","","","9.999999747378752e-05","9.999999747378752e-05","3.232564267818816e-06","","","","","","","","","","","","","","","","","","","","","","","","","","","","","","","","","",""
"6","3099","","","","","","","","","","","","","","","","","","","","","","","9.999999747378752e-05","9.999999747378752e-05","3.232564267818816e-06","","","","","","","","","","","","","","","","","","","","","","","","","","","","","","","","","",""
"6","3149","","","","","","","","","","","","","","","","","","","","","","","9.999999747378752e-05","9.999999747378752e-05","3.232564267818816e-06","","","","","","","","","","","","","","","","","","","","","","","","","","","","","","","","","",""
"6","3199","","","","","","","","","","","","","","","","","","","","","","","9.999999747378752e-05","9.999999747378752e-05","3.232564267818816e-06","","","","","","","","","","","","","","","","","","","","","","","","","","","","","","","","","",""
"6","3249","","","","","","","","","","","","","","","","","","","","","","","9.999999747378752e-05","9.999999747378752e-05","3.232564267818816e-06","","","","","","","","","","","","","","","","","","","","","","","","","","","","","","","","","",""
"6","3299","","","","","","","","","","","","","","","","","","","","","","","9.999999747378752e-05","9.999999747378752e-05","3.232564267818816e-06","","","","","","","","","","","","","","","","","","","","","","","","","","","","","","","","","",""
"6","3349","","","","","","","","","","","","","","","","","","","","","","","9.999999747378752e-05","9.999999747378752e-05","3.232564267818816e-06","","","","","","","","","","","","","","","","","","","","","","","","","","","","","","","","","",""
"6","3394","","","","","","","","","","","","","","","","","","","","","","","","","","0.39517688751220703","0.5102860927581787","0.7495918869972229","298.7781677246094","298.7735290527344","298.7694396972656","298.77178955078125","298.7706298828125","42.91097640991211","0.8072636723518372","0.4844842255115509","0.6689317226409912","4.653616428375244","0.033780623227357864","0.03644349053502083","0.03319009020924568","0.033361636102199554","0.04402881860733032","0.4607866108417511","0.4594323933124542","0.4557126462459564","0.4587770998477936","0.4599359929561615","0.14106954634189606","0.14508162438869476","0.14027810096740723","0.14080435037612915","0.1602407693862915","0.7888705730438232","0.45273151993751526","0.4572499394416809","0.6406729221343994","0.7800008654594421","0.7217664122581482"
"6","3394","3898.829833984375","3898.6494140625","3898.73974609375","3898.5390625","3898.561279296875","0.4526691436767578","7.635397911071777","0.05614802986383438","0.05877382308244705","0.0578678697347641","0.05650334805250168","0.07234921306371689","0.7330265641212463","0.7789000868797302","0.742669939994812","0.7358731031417847","0.7968112826347351","0.2249142974615097","0.23096664249897003","0.22810260951519012","0.22613641619682312","0.259835809469223","","","","","","","","","","","","","","","","","","","","","","","","","","","","","","","","","","","","",""
"7","3399","","","","","","","","","","","","","","","","","","","","","","","9.999999747378752e-05","9.999999747378752e-05","3.232564267818816e-06","","","","","","","","","","","","","","","","","","","","","","","","","","","","","","","","","",""
"7","3449","","","","","","","","","","","","","","","","","","","","","","","9.999999747378752e-05","9.999999747378752e-05","3.232564267818816e-06","","","","","","","","","","","","","","","","","","","","","","","","","","","","","","","","","",""
"7","3499","","","","","","","","","","","","","","","","","","","","","","","9.999999747378752e-05","9.999999747378752e-05","3.232564267818816e-06","","","","","","","","","","","","","","","","","","","","","","","","","","","","","","","","","",""
"7","3549","","","","","","","","","","","","","","","","","","","","","","","9.999999747378752e-05","9.999999747378752e-05","3.232564267818816e-06","","","","","","","","","","","","","","","","","","","","","","","","","","","","","","","","","",""
"7","3599","","","","","","","","","","","","","","","","","","","","","","","9.999999747378752e-05","9.999999747378752e-05","3.232564267818816e-06","","","","","","","","","","","","","","","","","","","","","","","","","","","","","","","","","",""
"7","3649","","","","","","","","","","","","","","","","","","","","","","","9.999999747378752e-05","9.999999747378752e-05","3.232564267818816e-06","","","","","","","","","","","","","","","","","","","","","","","","","","","","","","","","","",""
"7","3699","","","","","","","","","","","","","","","","","","","","","","","9.999999747378752e-05","9.999999747378752e-05","3.232564267818816e-06","","","","","","","","","","","","","","","","","","","","","","","","","","","","","","","","","",""
"7","3749","","","","","","","","","","","","","","","","","","","","","","","9.999999747378752e-05","9.999999747378752e-05","3.232564267818816e-06","","","","","","","","","","","","","","","","","","","","","","","","","","","","","","","","","",""
"7","3799","","","","","","","","","","","","","","","","","","","","","","","9.999999747378752e-05","9.999999747378752e-05","3.232564267818816e-06","","","","","","","","","","","","","","","","","","","","","","","","","","","","","","","","","",""
"7","3849","","","","","","","","","","","","","","","","","","","","","","","9.999999747378752e-05","9.999999747378752e-05","3.232564267818816e-06","","","","","","","","","","","","","","","","","","","","","","","","","","","","","","","","","",""
"7","3879","","","","","","","","","","","","","","","","","","","","","","","","","","0.41289472579956055","0.506145179271698","0.7428407669067383","298.7799072265625","298.7735290527344","298.78106689453125","294.4297180175781","298.7804870605469","42.90735626220703","0.8124392032623291","0.4863085448741913","0.6582232713699341","4.3947882652282715","0.030585329979658127","0.03108198009431362","0.030882131308317184","0.030637092888355255","0.03647037222981453","0.43130823969841003","0.4533671438694","0.4344092607498169","0.43273741006851196","0.4629337191581726","0.13430461287498474","0.13701502978801727","0.1352466642856598","0.13395781815052032","0.15035010874271393","0.7917957305908203","0.4595199525356293","0.4658460021018982","0.6528671979904175","0.7573705911636353","0.72948157787323"
"7","3879","3898.869873046875","3898.780517578125","3898.70947265625","3894.8173828125","3898.568115234375","0.44752737879753113","7.409277439117432","0.05515645816922188","0.05662355199456215","0.05576620250940323","0.055339157581329346","0.06987466663122177","0.709072470664978","0.7625913023948669","0.7246741652488708","0.7132823467254639","0.7820098996162415","0.2173396795988083","0.2212485373020172","0.21918189525604248","0.21823908388614655","0.25091448426246643","","","","","","","","","","","","","","","","","","","","","","","","","","","","","","","","","","","","",""
"8","3899","","","","","","","","","","","","","","","","","","","","","","","9.999999747378752e-05","9.999999747378752e-05","3.232564267818816e-06","","","","","","","","","","","","","","","","","","","","","","","","","","","","","","","","","",""
"8","3949","","","","","","","","","","","","","","","","","","","","","","","9.999999747378752e-05","9.999999747378752e-05","3.232564267818816e-06","","","","","","","","","","","","","","","","","","","","","","","","","","","","","","","","","",""
"8","3999","","","","","","","","","","","","","","","","","","","","","","","9.999999747378752e-05","9.999999747378752e-05","3.232564267818816e-06","","","","","","","","","","","","","","","","","","","","","","","","","","","","","","","","","",""
"8","4049","","","","","","","","","","","","","","","","","","","","","","","9.999999747378752e-05","9.999999747378752e-05","3.232564267818816e-06","","","","","","","","","","","","","","","","","","","","","","","","","","","","","","","","","",""
"8","4099","","","","","","","","","","","","","","","","","","","","","","","9.999999747378752e-05","9.999999747378752e-05","3.232564267818816e-06","","","","","","","","","","","","","","","","","","","","","","","","","","","","","","","","","",""
"8","4149","","","","","","","","","","","","","","","","","","","","","","","9.999999747378752e-05","9.999999747378752e-05","3.232564267818816e-06","","","","","","","","","","","","","","","","","","","","","","","","","","","","","","","","","",""
"8","4199","","","","","","","","","","","","","","","","","","","","","","","9.999999747378752e-05","9.999999747378752e-05","3.232564267818816e-06","","","","","","","","","","","","","","","","","","","","","","","","","","","","","","","","","",""
"8","4249","","","","","","","","","","","","","","","","","","","","","","","9.999999747378752e-05","9.999999747378752e-05","3.232564267818816e-06","","","","","","","","","","","","","","","","","","","","","","","","","","","","","","","","","",""
"8","4299","","","","","","","","","","","","","","","","","","","","","","","9.999999747378752e-05","9.999999747378752e-05","3.232564267818816e-06","","","","","","","","","","","","","","","","","","","","","","","","","","","","","","","","","",""
"8","4349","","","","","","","","","","","","","","","","","","","","","","","9.999999747378752e-05","9.999999747378752e-05","3.232564267818816e-06","","","","","","","","","","","","","","","","","","","","","","","","","","","","","","","","","",""
"8","4364","","","","","","","","","","","","","","","","","","","","","","","","","","0.3903253674507141","0.5276129245758057","0.7439481616020203","298.78106689453125","298.78106689453125","298.7804870605469","298.6707458496094","298.77874755859375","42.78434371948242","0.8136045932769775","0.48461422324180603","0.6635409593582153","4.5292582511901855","0.032327450811862946","0.033398278057575226","0.03195541724562645","0.032331619411706924","0.038314253091812134","0.44806304574012756","0.46426135301589966","0.45307692885398865","0.44911205768585205","0.47190192341804504","0.1356448084115982","0.13983339071273804","0.13617092370986938","0.13548818230628967","0.1534661054611206","0.7874441742897034","0.4589691460132599","0.46439671516418457","0.6540399789810181","0.7745971083641052","0.7156530022621155"
"8","4364","3898.81689453125","3898.7041015625","3898.800048828125","3883.22412109375","3898.652587890625","0.43911176919937134","7.404657363891602","0.056100890040397644","0.05644821375608444","0.05673357844352722","0.05648789927363396","0.07101535052061081","0.7060011029243469","0.7622866630554199","0.7192989587783813","0.7085992097854614","0.782054603099823","0.21580132842063904","0.21970823407173157","0.21871627867221832","0.2169066220521927","0.25011229515075684","","","","","","","","","","","","","","","","","","","","","","","","","","","","","","","","","","","","",""
"9","4399","","","","","","","","","","","","","","","","","","","","","","","9.999999747378752e-05","9.999999747378752e-05","3.232564267818816e-06","","","","","","","","","","","","","","","","","","","","","","","","","","","","","","","","","",""
"9","4449","","","","","","","","","","","","","","","","","","","","","","","9.999999747378752e-05","9.999999747378752e-05","3.232564267818816e-06","","","","","","","","","","","","","","","","","","","","","","","","","","","","","","","","","",""
"9","4499","","","","","","","","","","","","","","","","","","","","","","","9.999999747378752e-05","9.999999747378752e-05","3.232564267818816e-06","","","","","","","","","","","","","","","","","","","","","","","","","","","","","","","","","",""
"9","4549","","","","","","","","","","","","","","","","","","","","","","","9.999999747378752e-05","9.999999747378752e-05","3.232564267818816e-06","","","","","","","","","","","","","","","","","","","","","","","","","","","","","","","","","",""
"9","4599","","","","","","","","","","","","","","","","","","","","","","","9.999999747378752e-05","9.999999747378752e-05","3.232564267818816e-06","","","","","","","","","","","","","","","","","","","","","","","","","","","","","","","","","",""
"9","4649","","","","","","","","","","","","","","","","","","","","","","","9.999999747378752e-05","9.999999747378752e-05","3.232564267818816e-06","","","","","","","","","","","","","","","","","","","","","","","","","","","","","","","","","",""
"9","4699","","","","","","","","","","","","","","","","","","","","","","","9.999999747378752e-05","9.999999747378752e-05","3.232564267818816e-06","","","","","","","","","","","","","","","","","","","","","","","","","","","","","","","","","",""
"9","4749","","","","","","","","","","","","","","","","","","","","","","","9.999999747378752e-05","9.999999747378752e-05","3.232564267818816e-06","","","","","","","","","","","","","","","","","","","","","","","","","","","","","","","","","",""
"9","4799","","","","","","","","","","","","","","","","","","","","","","","9.999999747378752e-05","9.999999747378752e-05","3.232564267818816e-06","","","","","","","","","","","","","","","","","","","","","","","","","","","","","","","","","",""
"9","4849","","","","","","","","","","","","","","","","","","","","","","","9.999999747378752e-05","9.999999747378752e-05","3.232564267818816e-06","","","","","","","","","","","","","","","","","","","","","","","","","","","","","","","","","",""
"9","4849","","","","","","","","","","","","","","","","","","","","","","","","","","0.4043525159358978","0.5191500186920166","0.7532994151115417","298.7793273925781","298.78106689453125","298.7804870605469","298.7770080566406","298.7799072265625","42.89335632324219","0.8147304058074951","0.48863881826400757","0.6648519039154053","4.36564302444458","0.031558990478515625","0.03318703919649124","0.031648341566324234","0.03157051280140877","0.03978588059544563","0.413716197013855","0.433205246925354","0.4208935499191284","0.41574448347091675","0.44095751643180847","0.13574540615081787","0.137831449508667","0.13596121966838837","0.13537319004535675","0.15627501904964447","0.8013178110122681","0.4617512822151184","0.45619997382164","0.6429455280303955","0.7838799357414246","0.7290927767753601"
"9","4849","3898.8515625","3898.882080078125","3898.87890625","3898.4443359375","3898.70458984375","0.7960681915283203","7.2048234939575195","0.0550210140645504","0.05571138113737106","0.05586050823330879","0.05541607737541199","0.06840936094522476","0.6788032054901123","0.7238353490829468","0.6895917057991028","0.6800779104232788","0.7514625191688538","0.21444402635097504","0.21899142861366272","0.21763108670711517","0.21585501730442047","0.24756012856960297","","","","","","","","","","","","","","","","","","","","","","","","","","","","","","","","","","","","",""
"10","4899","","","","","","","","","","","","","","","","","","","","","","","9.999999747378752e-05","9.999999747378752e-05","3.232564267818816e-06","","","","","","","","","","","","","","","","","","","","","","","","","","","","","","","","","",""
"10","4949","","","","","","","","","","","","","","","","","","","","","","","9.999999747378752e-05","9.999999747378752e-05","3.232564267818816e-06","","","","","","","","","","","","","","","","","","","","","","","","","","","","","","","","","",""
"10","4999","","","","","","","","","","","","","","","","","","","","","","","9.999999747378752e-05","9.999999747378752e-05","3.232564267818816e-06","","","","","","","","","","","","","","","","","","","","","","","","","","","","","","","","","",""
"10","5049","","","","","","","","","","","","","","","","","","","","","","","9.999999747378752e-05","9.999999747378752e-05","3.232564267818816e-06","","","","","","","","","","","","","","","","","","","","","","","","","","","","","","","","","",""
"10","5099","","","","","","","","","","","","","","","","","","","","","","","9.999999747378752e-05","9.999999747378752e-05","3.232564267818816e-06","","","","","","","","","","","","","","","","","","","","","","","","","","","","","","","","","",""
"10","5149","","","","","","","","","","","","","","","","","","","","","","","9.999999747378752e-05","9.999999747378752e-05","3.232564267818816e-06","","","","","","","","","","","","","","","","","","","","","","","","","","","","","","","","","",""
"10","5199","","","","","","","","","","","","","","","","","","","","","","","9.999999747378752e-05","9.999999747378752e-05","3.232564267818816e-06","","","","","","","","","","","","","","","","","","","","","","","","","","","","","","","","","",""
"10","5249","","","","","","","","","","","","","","","","","","","","","","","9.999999747378752e-05","9.999999747378752e-05","3.232564267818816e-06","","","","","","","","","","","","","","","","","","","","","","","","","","","","","","","","","",""
"10","5299","","","","","","","","","","","","","","","","","","","","","","","9.999999747378752e-05","9.999999747378752e-05","3.232564267818816e-06","","","","","","","","","","","","","","","","","","","","","","","","","","","","","","","","","",""
"10","5334","","","","","","","","","","","","","","","","","","","","","","","","","","0.40698930621147156","0.5412775874137878","0.7513024210929871","298.75958251953125","298.78106689453125","298.75146484375","296.875732421875","298.6991882324219","42.872467041015625","0.8168026208877563","0.49408426880836487","0.6733744740486145","4.370364189147949","0.031423550099134445","0.033939212560653687","0.03293893113732338","0.03246340900659561","0.04029654338955879","0.4169764816761017","0.4316907525062561","0.41983872652053833","0.41640734672546387","0.4465257525444031","0.1328730434179306","0.1375209242105484","0.13492408394813538","0.13397185504436493","0.15251849591732025","0.8038874268531799","0.4741334319114685","0.4869624674320221","0.6725656390190125","0.7813479900360107","0.7286673784255981"
"10","5334","3898.874267578125","3898.867919921875","3898.838134765625","3883.022705078125","3898.633544921875","0.48761308193206787","7.078089714050293","0.05179243162274361","0.05326234921813011","0.052852414548397064","0.052241742610931396","0.06638237088918686","0.6758192777633667","0.7234718799591064","0.6872967481613159","0.678114116191864","0.7453795075416565","0.21026678383350372","0.21496951580047607","0.21243025362491608","0.21120476722717285","0.24380315840244293","","","","","","","","","","","","","","","","","","","","","","","","","","","","","","","","","","","","",""
"11","5349","","","","","","","","","","","","","","","","","","","","","","","9.999999747378752e-05","9.999999747378752e-05","3.232564267818816e-06","","","","","","","","","","","","","","","","","","","","","","","","","","","","","","","","","",""
"11","5399","","","","","","","","","","","","","","","","","","","","","","","9.999999747378752e-05","9.999999747378752e-05","3.232564267818816e-06","","","","","","","","","","","","","","","","","","","","","","","","","","","","","","","","","",""
"11","5449","","","","","","","","","","","","","","","","","","","","","","","9.999999747378752e-05","9.999999747378752e-05","3.232564267818816e-06","","","","","","","","","","","","","","","","","","","","","","","","","","","","","","","","","",""
"11","5499","","","","","","","","","","","","","","","","","","","","","","","9.999999747378752e-05","9.999999747378752e-05","3.232564267818816e-06","","","","","","","","","","","","","","","","","","","","","","","","","","","","","","","","","",""
"11","5549","","","","","","","","","","","","","","","","","","","","","","","9.999999747378752e-05","9.999999747378752e-05","3.232564267818816e-06","","","","","","","","","","","","","","","","","","","","","","","","","","","","","","","","","",""
"11","5599","","","","","","","","","","","","","","","","","","","","","","","9.999999747378752e-05","9.999999747378752e-05","3.232564267818816e-06","","","","","","","","","","","","","","","","","","","","","","","","","","","","","","","","","",""
"11","5649","","","","","","","","","","","","","","","","","","","","","","","9.999999747378752e-05","9.999999747378752e-05","3.232564267818816e-06","","","","","","","","","","","","","","","","","","","","","","","","","","","","","","","","","",""
"11","5699","","","","","","","","","","","","","","","","","","","","","","","9.999999747378752e-05","9.999999747378752e-05","3.232564267818816e-06","","","","","","","","","","","","","","","","","","","","","","","","","","","","","","","","","",""
"11","5749","","","","","","","","","","","","","","","","","","","","","","","9.999999747378752e-05","9.999999747378752e-05","3.232564267818816e-06","","","","","","","","","","","","","","","","","","","","","","","","","","","","","","","","","",""
"11","5799","","","","","","","","","","","","","","","","","","","","","","","9.999999747378752e-05","9.999999747378752e-05","3.232564267818816e-06","","","","","","","","","","","","","","","","","","","","","","","","","","","","","","","","","",""
"11","5819","","","","","","","","","","","","","","","","","","","","","","","","","","0.4108750522136688","0.5382447838783264","0.7731223106384277","298.7752685546875","298.78106689453125","298.7276306152344","298.256103515625","298.7148742675781","43.001277923583984","0.8259641528129578","0.4926053583621979","0.6729280352592468","4.343876838684082","0.03174802288413048","0.033411018550395966","0.03180308640003204","0.03258296847343445","0.0409446582198143","0.4156087338924408","0.42510291934013367","0.41446414589881897","0.4096110463142395","0.44194450974464417","0.13330310583114624","0.13684937357902527","0.13494443893432617","0.1350879669189453","0.1521632969379425","0.8116286993026733","0.4745599031448364","0.48437759280204773","0.6663765907287598","0.7938085794448853","0.7541874647140503"
"11","5819","3898.8359375","3898.85693359375","3898.6220703125","3893.5048828125","3897.119140625","0.6852498650550842","7.095984935760498","0.054215531796216965","0.05578601732850075","0.055508993566036224","0.05508663132786751","0.06893690675497055","0.6681522130966187","0.7135453820228577","0.6762399077415466","0.6680319905281067","0.7432875037193298","0.20935171842575073","0.21393698453903198","0.21243827044963837","0.21075592935085297","0.24304598569869995","","","","","","","","","","","","","","","","","","","","","","","","","","","","","","","","","","","","",""
"12","5849","","","","","","","","","","","","","","","","","","","","","","","9.999999747378752e-05","9.999999747378752e-05","3.232564267818816e-06","","","","","","","","","","","","","","","","","","","","","","","","","","","","","","","","","",""
"12","5899","","","","","","","","","","","","","","","","","","","","","","","9.999999747378752e-05","9.999999747378752e-05","3.232564267818816e-06","","","","","","","","","","","","","","","","","","","","","","","","","","","","","","","","","",""
"12","5949","","","","","","","","","","","","","","","","","","","","","","","9.999999747378752e-05","9.999999747378752e-05","3.232564267818816e-06","","","","","","","","","","","","","","","","","","","","","","","","","","","","","","","","","",""
"12","5999","","","","","","","","","","","","","","","","","","","","","","","9.999999747378752e-05","9.999999747378752e-05","3.232564267818816e-06","","","","","","","","","","","","","","","","","","","","","","","","","","","","","","","","","",""
"12","6049","","","","","","","","","","","","","","","","","","","","","","","9.999999747378752e-05","9.999999747378752e-05","3.232564267818816e-06","","","","","","","","","","","","","","","","","","","","","","","","","","","","","","","","","",""
"12","6099","","","","","","","","","","","","","","","","","","","","","","","9.999999747378752e-05","9.999999747378752e-05","3.232564267818816e-06","","","","","","","","","","","","","","","","","","","","","","","","","","","","","","","","","",""
"12","6149","","","","","","","","","","","","","","","","","","","","","","","9.999999747378752e-05","9.999999747378752e-05","3.232564267818816e-06","","","","","","","","","","","","","","","","","","","","","","","","","","","","","","","","","",""
"12","6199","","","","","","","","","","","","","","","","","","","","","","","9.999999747378752e-05","9.999999747378752e-05","3.232564267818816e-06","","","","","","","","","","","","","","","","","","","","","","","","","","","","","","","","","",""
"12","6249","","","","","","","","","","","","","","","","","","","","","","","9.999999747378752e-05","9.999999747378752e-05","3.232564267818816e-06","","","","","","","","","","","","","","","","","","","","","","","","","","","","","","","","","",""
"12","6299","","","","","","","","","","","","","","","","","","","","","","","9.999999747378752e-05","9.999999747378752e-05","3.232564267818816e-06","","","","","","","","","","","","","","","","","","","","","","","","","","","","","","","","","",""
"12","6304","","","","","","","","","","","","","","","","","","","","","","","","","","0.41343414783477783","0.5416480898857117","0.7596101760864258","298.7804870605469","298.78106689453125","298.7781677246094","298.72821044921875","298.7636413574219","42.89118576049805","0.820691704750061","0.4927149713039398","0.6676024794578552","4.290009498596191","0.0315256230533123","0.032899051904678345","0.0319768562912941","0.031536392867565155","0.037887413054704666","0.4075416326522827","0.4291066825389862","0.41178563237190247","0.40762054920196533","0.43965545296669006","0.1323050856590271","0.13573245704174042","0.1334582269191742","0.13201174139976501","0.1490788757801056","0.804391086101532","0.47754114866256714","0.4968012273311615","0.6593692898750305","0.8051270842552185","0.7189723253250122"
"12","6304","3898.806884765625","3898.857421875","3898.507568359375","3894.018310546875","3898.156005859375","0.5625694394111633","7.107824802398682","0.0535881333053112","0.054831795394420624","0.05373337119817734","0.053982216864824295","0.068987637758255","0.6648725271224976","0.7215019464492798","0.6823123693466187","0.6677465438842773","0.7497131824493408","0.21113468706607819","0.2159927934408188","0.21279902756214142","0.2120080292224884","0.2460939884185791","","","","","","","","","","","","","","","","","","","","","","","","","","","","","","","","","","","","",""
"13","6349","","","","","","","","","","","","","","","","","","","","","","","9.999999747378752e-05","9.999999747378752e-05","3.232564267818816e-06","","","","","","","","","","","","","","","","","","","","","","","","","","","","","","","","","",""
"13","6399","","","","","","","","","","","","","","","","","","","","","","","9.999999747378752e-05","9.999999747378752e-05","3.232564267818816e-06","","","","","","","","","","","","","","","","","","","","","","","","","","","","","","","","","",""
"13","6449","","","","","","","","","","","","","","","","","","","","","","","9.999999747378752e-05","9.999999747378752e-05","3.232564267818816e-06","","","","","","","","","","","","","","","","","","","","","","","","","","","","","","","","","",""
"13","6499","","","","","","","","","","","","","","","","","","","","","","","9.999999747378752e-05","9.999999747378752e-05","3.232564267818816e-06","","","","","","","","","","","","","","","","","","","","","","","","","","","","","","","","","",""
"13","6549","","","","","","","","","","","","","","","","","","","","","","","9.999999747378752e-05","9.999999747378752e-05","3.232564267818816e-06","","","","","","","","","","","","","","","","","","","","","","","","","","","","","","","","","",""
"13","6599","","","","","","","","","","","","","","","","","","","","","","","9.999999747378752e-05","9.999999747378752e-05","3.232564267818816e-06","","","","","","","","","","","","","","","","","","","","","","","","","","","","","","","","","",""
"13","6649","","","","","","","","","","","","","","","","","","","","","","","9.999999747378752e-05","9.999999747378752e-05","3.232564267818816e-06","","","","","","","","","","","","","","","","","","","","","","","","","","","","","","","","","",""
"13","6699","","","","","","","","","","","","","","","","","","","","","","","9.999999747378752e-05","9.999999747378752e-05","3.232564267818816e-06","","","","","","","","","","","","","","","","","","","","","","","","","","","","","","","","","",""
"13","6749","","","","","","","","","","","","","","","","","","","","","","","9.999999747378752e-05","9.999999747378752e-05","3.232564267818816e-06","","","","","","","","","","","","","","","","","","","","","","","","","","","","","","","","","",""
"13","6789","","","","","","","","","","","","","","","","","","","","","","","","","","0.40535223484039307","0.5389883518218994","0.7607682943344116","298.78106689453125","298.7804870605469","298.7712097167969","298.7793273925781","298.73809814453125","42.96611022949219","0.819831907749176","0.4925348460674286","0.6597138047218323","4.439390659332275","0.031983304768800735","0.03502165153622627","0.033924102783203125","0.03273941949009895","0.04071721062064171","0.4273126721382141","0.4366604685783386","0.42616456747055054","0.4260764718055725","0.4405725300312042","0.13531334698200226","0.1408100575208664","0.1389990746974945","0.13654489815235138","0.15367044508457184","0.7991213202476501","0.47217026352882385","0.4817066490650177","0.6476603150367737","0.7860125303268433","0.7374228835105896"
"13","6789","3898.841796875","3898.847412109375","3898.815673828125","3897.40087890625","3898.47412109375","0.5909435749053955","7.132539749145508","0.052359987050294876","0.0533064603805542","0.05330439284443855","0.05289870873093605","0.06678621470928192","0.6800083518028259","0.729280948638916","0.6937416791915894","0.6818956136703491","0.7525051236152649","0.21200911700725555","0.21600006520748138","0.21407508850097656","0.2129892259836197","0.24584081768989563","","","","","","","","","","","","","","","","","","","","","","","","","","","","","","","","","","","","",""
"14","6799","","","","","","","","","","","","","","","","","","","","","","","9.999999747378752e-05","9.999999747378752e-05","3.232564267818816e-06","","","","","","","","","","","","","","","","","","","","","","","","","","","","","","","","","",""
"14","6849","","","","","","","","","","","","","","","","","","","","","","","9.999999747378752e-05","9.999999747378752e-05","3.232564267818816e-06","","","","","","","","","","","","","","","","","","","","","","","","","","","","","","","","","",""
"14","6899","","","","","","","","","","","","","","","","","","","","","","","9.999999747378752e-05","9.999999747378752e-05","3.232564267818816e-06","","","","","","","","","","","","","","","","","","","","","","","","","","","","","","","","","",""
"14","6949","","","","","","","","","","","","","","","","","","","","","","","9.999999747378752e-05","9.999999747378752e-05","3.232564267818816e-06","","","","","","","","","","","","","","","","","","","","","","","","","","","","","","","","","",""
"14","6999","","","","","","","","","","","","","","","","","","","","","","","9.999999747378752e-05","9.999999747378752e-05","3.232564267818816e-06","","","","","","","","","","","","","","","","","","","","","","","","","","","","","","","","","",""
"14","7049","","","","","","","","","","","","","","","","","","","","","","","9.999999747378752e-05","9.999999747378752e-05","3.232564267818816e-06","","","","","","","","","","","","","","","","","","","","","","","","","","","","","","","","","",""
"14","7099","","","","","","","","","","","","","","","","","","","","","","","9.999999747378752e-05","9.999999747378752e-05","3.232564267818816e-06","","","","","","","","","","","","","","","","","","","","","","","","","","","","","","","","","",""
"14","7149","","","","","","","","","","","","","","","","","","","","","","","9.999999747378752e-05","9.999999747378752e-05","3.232564267818816e-06","","","","","","","","","","","","","","","","","","","","","","","","","","","","","","","","","",""
"14","7199","","","","","","","","","","","","","","","","","","","","","","","9.999999747378752e-05","9.999999747378752e-05","3.232564267818816e-06","","","","","","","","","","","","","","","","","","","","","","","","","","","","","","","","","",""
"14","7249","","","","","","","","","","","","","","","","","","","","","","","9.999999747378752e-05","9.999999747378752e-05","3.232564267818816e-06","","","","","","","","","","","","","","","","","","","","","","","","","","","","","","","","","",""
"14","7274","","","","","","","","","","","","","","","","","","","","","","","","","","0.40416020154953003","0.5462655425071716","0.7667613625526428","298.77874755859375","298.78106689453125","298.7032470703125","298.7287902832031","298.7781677246094","42.84819030761719","0.8189061284065247","0.4926746189594269","0.6638466715812683","4.355002403259277","0.03233805671334267","0.034627292305231094","0.033201247453689575","0.032609328627586365","0.04025457426905632","0.40790989995002747","0.4218677580356598","0.4106220006942749","0.4101196825504303","0.4271348714828491","0.13656927645206451","0.14021386206150055","0.13819445669651031","0.13726374506950378","0.1538562774658203","0.8088575005531311","0.47521287202835083","0.48622754216194153","0.651902437210083","0.8013116717338562","0.7354479432106018"
"14","7274","3898.86279296875","3898.869140625","3898.745361328125","3898.45703125","3898.781982421875","0.5140330791473389","6.971028804779053","0.05295589193701744","0.05477607622742653","0.053994521498680115","0.05324636027216911","0.06837638467550278","0.6543475985527039","0.6938028931617737","0.664276123046875","0.6575489044189453","0.7194543480873108","0.2080300897359848","0.21311220526695251","0.21056179702281952","0.2086210995912552","0.24209944903850555","","","","","","","","","","","","","","","","","","","","","","","","","","","","","","","","","","","","",""
"15","7299","","","","","","","","","","","","","","","","","","","","","","","9.999999747378752e-05","9.999999747378752e-05","3.232564267818816e-06","","","","","","","","","","","","","","","","","","","","","","","","","","","","","","","","","",""
"15","7349","","","","","","","","","","","","","","","","","","","","","","","9.999999747378752e-05","9.999999747378752e-05","3.232564267818816e-06","","","","","","","","","","","","","","","","","","","","","","","","","","","","","","","","","",""
"15","7399","","","","","","","","","","","","","","","","","","","","","","","9.999999747378752e-05","9.999999747378752e-05","3.232564267818816e-06","","","","","","","","","","","","","","","","","","","","","","","","","","","","","","","","","",""
"15","7449","","","","","","","","","","","","","","","","","","","","","","","9.999999747378752e-05","9.999999747378752e-05","3.232564267818816e-06","","","","","","","","","","","","","","","","","","","","","","","","","","","","","","","","","",""
"15","7499","","","","","","","","","","","","","","","","","","","","","","","9.999999747378752e-05","9.999999747378752e-05","3.232564267818816e-06","","","","","","","","","","","","","","","","","","","","","","","","","","","","","","","","","",""
"15","7549","","","","","","","","","","","","","","","","","","","","","","","9.999999747378752e-05","9.999999747378752e-05","3.232564267818816e-06","","","","","","","","","","","","","","","","","","","","","","","","","","","","","","","","","",""
"15","7599","","","","","","","","","","","","","","","","","","","","","","","9.999999747378752e-05","9.999999747378752e-05","3.232564267818816e-06","","","","","","","","","","","","","","","","","","","","","","","","","","","","","","","","","",""
"15","7649","","","","","","","","","","","","","","","","","","","","","","","9.999999747378752e-05","9.999999747378752e-05","3.232564267818816e-06","","","","","","","","","","","","","","","","","","","","","","","","","","","","","","","","","",""
"15","7699","","","","","","","","","","","","","","","","","","","","","","","9.999999747378752e-05","9.999999747378752e-05","3.232564267818816e-06","","","","","","","","","","","","","","","","","","","","","","","","","","","","","","","","","",""
"15","7749","","","","","","","","","","","","","","","","","","","","","","","9.999999747378752e-05","9.999999747378752e-05","3.232564267818816e-06","","","","","","","","","","","","","","","","","","","","","","","","","","","","","","","","","",""
"15","7759","","","","","","","","","","","","","","","","","","","","","","","","","","0.4129931330680847","0.543491780757904","0.7685558795928955","298.78106689453125","298.78106689453125","298.78106689453125","298.765380859375","298.7712097167969","42.907691955566406","0.8196486830711365","0.49359503388404846","0.6698639988899231","4.28282356262207","0.031215429306030273","0.032225050032138824","0.031720176339149475","0.03145460784435272","0.041252173483371735","0.39912837743759155","0.42213502526283264","0.4052959382534027","0.399522602558136","0.4345865547657013","0.13300395011901855","0.13526798784732819","0.13403312861919403","0.133851557970047","0.15525244176387787","0.8069165945053101","0.4782424569129944","0.4908983111381531","0.6674448251724243","0.7804428339004517","0.7581368684768677"
"15","7759","3898.87548828125","3898.87646484375","3898.209716796875","3898.700439453125","3898.763427734375","0.37193071842193604","6.866086006164551","0.05153534561395645","0.05251702293753624","0.052128132432699203","0.05167379975318909","0.0663316622376442","0.6418501138687134","0.6913456916809082","0.6559121012687683","0.6456504464149475","0.7160765528678894","0.2063896507024765","0.20995333790779114","0.20811444520950317","0.20693132281303406","0.24077481031417847","","","","","","","","","","","","","","","","","","","","","","","","","","","","","","","","","","","","",""
"16","7799","","","","","","","","","","","","","","","","","","","","","","","9.999999747378752e-05","9.999999747378752e-05","3.232564267818816e-06","","","","","","","","","","","","","","","","","","","","","","","","","","","","","","","","","",""
"16","7849","","","","","","","","","","","","","","","","","","","","","","","9.999999747378752e-05","9.999999747378752e-05","3.232564267818816e-06","","","","","","","","","","","","","","","","","","","","","","","","","","","","","","","","","",""
"16","7899","","","","","","","","","","","","","","","","","","","","","","","9.999999747378752e-05","9.999999747378752e-05","3.232564267818816e-06","","","","","","","","","","","","","","","","","","","","","","","","","","","","","","","","","",""
"16","7949","","","","","","","","","","","","","","","","","","","","","","","9.999999747378752e-05","9.999999747378752e-05","3.232564267818816e-06","","","","","","","","","","","","","","","","","","","","","","","","","","","","","","","","","",""
"16","7999","","","","","","","","","","","","","","","","","","","","","","","9.999999747378752e-05","9.999999747378752e-05","3.232564267818816e-06","","","","","","","","","","","","","","","","","","","","","","","","","","","","","","","","","",""
"16","8049","","","","","","","","","","","","","","","","","","","","","","","9.999999747378752e-05","9.999999747378752e-05","3.232564267818816e-06","","","","","","","","","","","","","","","","","","","","","","","","","","","","","","","","","",""
"16","8099","","","","","","","","","","","","","","","","","","","","","","","9.999999747378752e-05","9.999999747378752e-05","3.232564267818816e-06","","","","","","","","","","","","","","","","","","","","","","","","","","","","","","","","","",""
"16","8149","","","","","","","","","","","","","","","","","","","","","","","9.999999747378752e-05","9.999999747378752e-05","3.232564267818816e-06","","","","","","","","","","","","","","","","","","","","","","","","","","","","","","","","","",""
"16","8199","","","","","","","","","","","","","","","","","","","","","","","9.999999747378752e-05","9.999999747378752e-05","3.232564267818816e-06","","","","","","","","","","","","","","","","","","","","","","","","","","","","","","","","","",""
"16","8244","","","","","","","","","","","","","","","","","","","","","","","","","","0.4142223000526428","0.5455471277236938","0.7725793719291687","298.78106689453125","298.78106689453125","298.7758483886719","298.78106689453125","298.78106689453125","42.8382453918457","0.8169910907745361","0.48822489380836487","0.6743592023849487","4.321743965148926","0.03320722654461861","0.034801457077264786","0.03386989235877991","0.03366102650761604","0.03984959423542023","0.40019476413726807","0.4181419909000397","0.4034263491630554","0.40272343158721924","0.42703935503959656","0.13547711074352264","0.13742929697036743","0.13601939380168915","0.13599497079849243","0.15171508491039276","0.8125227093696594","0.47988471388816833","0.4957667589187622","0.6715503931045532","0.793502151966095","0.7527799010276794"
"16","8244","3898.85693359375","3898.860595703125","3898.592529296875","3898.825927734375","3898.591064453125","0.3903443515300751","6.944726467132568","0.0519905649125576","0.05368095636367798","0.053371772170066833","0.05257052555680275","0.06804724037647247","0.6463625431060791","0.6940813064575195","0.656865656375885","0.6485099792480469","0.7281999588012695","0.20810359716415405","0.21327464282512665","0.21073929965496063","0.2091134488582611","0.24497024714946747","","","","","","","","","","","","","","","","","","","","","","","","","","","","","","","","","","","","",""
"17","8249","","","","","","","","","","","","","","","","","","","","","","","9.999999747378752e-05","9.999999747378752e-05","3.232564267818816e-06","","","","","","","","","","","","","","","","","","","","","","","","","","","","","","","","","",""
"17","8299","","","","","","","","","","","","","","","","","","","","","","","9.999999747378752e-05","9.999999747378752e-05","3.232564267818816e-06","","","","","","","","","","","","","","","","","","","","","","","","","","","","","","","","","",""
"17","8349","","","","","","","","","","","","","","","","","","","","","","","9.999999747378752e-05","9.999999747378752e-05","3.232564267818816e-06","","","","","","","","","","","","","","","","","","","","","","","","","","","","","","","","","",""
"17","8399","","","","","","","","","","","","","","","","","","","","","","","9.999999747378752e-05","9.999999747378752e-05","3.232564267818816e-06","","","","","","","","","","","","","","","","","","","","","","","","","","","","","","","","","",""
"17","8449","","","","","","","","","","","","","","","","","","","","","","","9.999999747378752e-05","9.999999747378752e-05","3.232564267818816e-06","","","","","","","","","","","","","","","","","","","","","","","","","","","","","","","","","",""
"17","8499","","","","","","","","","","","","","","","","","","","","","","","9.999999747378752e-05","9.999999747378752e-05","3.232564267818816e-06","","","","","","","","","","","","","","","","","","","","","","","","","","","","","","","","","",""
"17","8549","","","","","","","","","","","","","","","","","","","","","","","9.999999747378752e-05","9.999999747378752e-05","3.232564267818816e-06","","","","","","","","","","","","","","","","","","","","","","","","","","","","","","","","","",""
"17","8599","","","","","","","","","","","","","","","","","","","","","","","9.999999747378752e-05","9.999999747378752e-05","3.232564267818816e-06","","","","","","","","","","","","","","","","","","","","","","","","","","","","","","","","","",""
"17","8649","","","","","","","","","","","","","","","","","","","","","","","9.999999747378752e-05","9.999999747378752e-05","3.232564267818816e-06","","","","","","","","","","","","","","","","","","","","","","","","","","","","","","","","","",""
"17","8699","","","","","","","","","","","","","","","","","","","","","","","9.999999747378752e-05","9.999999747378752e-05","3.232564267818816e-06","","","","","","","","","","","","","","","","","","","","","","","","","","","","","","","","","",""
"17","8729","","","","","","","","","","","","","","","","","","","","","","","","","","0.41857948899269104","0.5477263927459717","0.7857560515403748","298.78106689453125","298.78106689453125","298.7793273925781","298.78106689453125","298.78106689453125","42.86122512817383","0.8246018886566162","0.4958774447441101","0.6743230223655701","4.332588195800781","0.03301435336470604","0.03447776660323143","0.033400874584913254","0.03279191628098488","0.040352318435907364","0.40806275606155396","0.41227999329566956","0.40907055139541626","0.41092798113822937","0.4285498857498169","0.13483698666095734","0.13826285302639008","0.13647258281707764","0.1349603235721588","0.15222279727458954","0.8193547129631042","0.48315292596817017","0.49805426597595215","0.6688524484634399","0.8213229179382324","0.7533628344535828"
"17","8729","3898.876220703125","3898.87841796875","3897.306640625","3898.685546875","3898.829345703125","0.44117072224617004","6.737138271331787","0.050551366060972214","0.05224241316318512","0.05201445519924164","0.05094244331121445","0.06537525355815887","0.6296117901802063","0.6733580231666565","0.6368341445922852","0.631936252117157","0.6987246870994568","0.20258276164531708","0.20724791288375854","0.20553581416606903","0.2035483717918396","0.23660647869110107","","","","","","","","","","","","","","","","","","","","","","","","","","","","","","","","","","","","",""
"18","8749","","","","","","","","","","","","","","","","","","","","","","","9.999999747378752e-05","9.999999747378752e-05","3.232564267818816e-06","","","","","","","","","","","","","","","","","","","","","","","","","","","","","","","","","",""
"18","8799","","","","","","","","","","","","","","","","","","","","","","","9.999999747378752e-05","9.999999747378752e-05","3.232564267818816e-06","","","","","","","","","","","","","","","","","","","","","","","","","","","","","","","","","",""
"18","8849","","","","","","","","","","","","","","","","","","","","","","","9.999999747378752e-05","9.999999747378752e-05","3.232564267818816e-06","","","","","","","","","","","","","","","","","","","","","","","","","","","","","","","","","",""
"18","8899","","","","","","","","","","","","","","","","","","","","","","","9.999999747378752e-05","9.999999747378752e-05","3.232564267818816e-06","","","","","","","","","","","","","","","","","","","","","","","","","","","","","","","","","",""
"18","8949","","","","","","","","","","","","","","","","","","","","","","","9.999999747378752e-05","9.999999747378752e-05","3.232564267818816e-06","","","","","","","","","","","","","","","","","","","","","","","","","","","","","","","","","",""
"18","8999","","","","","","","","","","","","","","","","","","","","","","","9.999999747378752e-05","9.999999747378752e-05","3.232564267818816e-06","","","","","","","","","","","","","","","","","","","","","","","","","","","","","","","","","",""
"18","9049","","","","","","","","","","","","","","","","","","","","","","","9.999999747378752e-05","9.999999747378752e-05","3.232564267818816e-06","","","","","","","","","","","","","","","","","","","","","","","","","","","","","","","","","",""
"18","9099","","","","","","","","","","","","","","","","","","","","","","","9.999999747378752e-05","9.999999747378752e-05","3.232564267818816e-06","","","","","","","","","","","","","","","","","","","","","","","","","","","","","","","","","",""
"18","9149","","","","","","","","","","","","","","","","","","","","","","","9.999999747378752e-05","9.999999747378752e-05","3.232564267818816e-06","","","","","","","","","","","","","","","","","","","","","","","","","","","","","","","","","",""
"18","9199","","","","","","","","","","","","","","","","","","","","","","","9.999999747378752e-05","9.999999747378752e-05","3.232564267818816e-06","","","","","","","","","","","","","","","","","","","","","","","","","","","","","","","","","",""
"18","9214","","","","","","","","","","","","","","","","","","","","","","","","","","0.4059617817401886","0.5293856263160706","0.7766388058662415","298.78106689453125","298.78106689453125","298.78106689453125","298.78106689453125","298.78106689453125","42.82033157348633","0.8248072862625122","0.4938340485095978","0.6654081344604492","4.3416619300842285","0.03362349420785904","0.03491508588194847","0.03405890241265297","0.03384179621934891","0.03958665579557419","0.40296295285224915","0.4166729748249054","0.40443819761276245","0.40047144889831543","0.4195770025253296","0.1382635086774826","0.1403195708990097","0.1384633630514145","0.1383225917816162","0.1533355563879013","0.8066909313201904","0.4676736891269684","0.47704988718032837","0.643559455871582","0.7882319092750549","0.7655214071273804"
"18","9214","3898.864990234375","3898.87060546875","3898.559814453125","3898.6767578125","3898.7978515625","0.3538254201412201","6.659338474273682","0.050291117280721664","0.05152313411235809","0.051080137491226196","0.05070953816175461","0.06492163985967636","0.621665358543396","0.6675596237182617","0.632784366607666","0.6235485076904297","0.6940843462944031","0.19965596497058868","0.20358926057815552","0.20185363292694092","0.20059256255626678","0.232843279838562","","","","","","","","","","","","","","","","","","","","","","","","","","","","","","","","","","","","",""
"19","9249","","","","","","","","","","","","","","","","","","","","","","","9.999999747378752e-05","9.999999747378752e-05","3.232564267818816e-06","","","","","","","","","","","","","","","","","","","","","","","","","","","","","","","","","",""
"19","9299","","","","","","","","","","","","","","","","","","","","","","","9.999999747378752e-05","9.999999747378752e-05","3.232564267818816e-06","","","","","","","","","","","","","","","","","","","","","","","","","","","","","","","","","",""
"19","9349","","","","","","","","","","","","","","","","","","","","","","","9.999999747378752e-05","9.999999747378752e-05","3.232564267818816e-06","","","","","","","","","","","","","","","","","","","","","","","","","","","","","","","","","",""
"19","9399","","","","","","","","","","","","","","","","","","","","","","","9.999999747378752e-05","9.999999747378752e-05","3.232564267818816e-06","","","","","","","","","","","","","","","","","","","","","","","","","","","","","","","","","",""
"19","9449","","","","","","","","","","","","","","","","","","","","","","","9.999999747378752e-05","9.999999747378752e-05","3.232564267818816e-06","","","","","","","","","","","","","","","","","","","","","","","","","","","","","","","","","",""
"19","9499","","","","","","","","","","","","","","","","","","","","","","","9.999999747378752e-05","9.999999747378752e-05","3.232564267818816e-06","","","","","","","","","","","","","","","","","","","","","","","","","","","","","","","","","",""
"19","9549","","","","","","","","","","","","","","","","","","","","","","","9.999999747378752e-05","9.999999747378752e-05","3.232564267818816e-06","","","","","","","","","","","","","","","","","","","","","","","","","","","","","","","","","",""
"19","9599","","","","","","","","","","","","","","","","","","","","","","","9.999999747378752e-05","9.999999747378752e-05","3.232564267818816e-06","","","","","","","","","","","","","","","","","","","","","","","","","","","","","","","","","",""
"19","9649","","","","","","","","","","","","","","","","","","","","","","","9.999999747378752e-05","9.999999747378752e-05","3.232564267818816e-06","","","","","","","","","","","","","","","","","","","","","","","","","","","","","","","","","",""
"19","9699","","","","","","","","","","","","","","","","","","","","","","","9.999999747378752e-05","9.999999747378752e-05","3.232564267818816e-06","","","","","","","","","","","","","","","","","","","","","","","","","","","","","","","","","",""
"19","9699","","","","","","","","","","","","","","","","","","","","","","","","","","0.40837621688842773","0.5357073545455933","0.7743068933486938","298.78106689453125","298.78106689453125","298.78106689453125","298.7520446777344","298.7799072265625","42.91746520996094","0.8247224688529968","0.4930689334869385","0.6685189604759216","4.375460147857666","0.03294152766466141","0.03327888250350952","0.03266143053770065","0.03288954123854637","0.040184471756219864","0.40775689482688904","0.43148210644721985","0.4116199016571045","0.4097968339920044","0.43324247002601624","0.13711386919021606","0.14042150974273682","0.1377755105495453","0.13714858889579773","0.1584319919347763","0.8038654923439026","0.4720417857170105","0.48031601309776306","0.6579102277755737","0.7758215665817261","0.7734572291374207"
"19","9699","3898.8349609375","3898.86328125","3898.561279296875","3897.129150390625","3898.743896484375","0.6365729570388794","6.728194236755371","0.05033855885267258","0.05145089328289032","0.05101756751537323","0.05088827759027481","0.065956249833107","0.6248285174369812","0.6707077622413635","0.6353285312652588","0.6266396641731262","0.698298454284668","0.20379690825939178","0.20814922451972961","0.2059815526008606","0.20484532415866852","0.2392907589673996","","","","","","","","","","","","","","","","","","","","","","","","","","","","","","","","","","","","",""
