epoch,step,train/cardinality_error,train/cardinality_error_0,train/cardinality_error_1,train/cardinality_error_2,train/cardinality_error_enc,train/class_error,train/loss,train/loss_bbox,train/loss_bbox_0,train/loss_bbox_1,train/loss_bbox_2,train/loss_bbox_enc,train/loss_ce,train/loss_ce_0,train/loss_ce_1,train/loss_ce_2,train/loss_ce_enc,train/loss_giou,train/loss_giou_0,train/loss_giou_1,train/loss_giou_2,train/loss_giou_enc,train/lr,train/lr_max,train/lr_min,val/AP/fire,val/AP/smoke,val/F1,val/cardinality_error,val/cardinality_error_0,val/cardinality_error_1,val/cardinality_error_2,val/cardinality_error_enc,val/class_error,val/ema_mAP_50,val/ema_mAP_50_95,val/ema_mAR,val/loss,val/loss_bbox,val/loss_bbox_0,val/loss_bbox_1,val/loss_bbox_2,val/loss_bbox_enc,val/loss_ce,val/loss_ce_0,val/loss_ce_1,val/loss_ce_2,val/loss_ce_enc,val/loss_giou,val/loss_giou_0,val/loss_giou_1,val/loss_giou_2,val/loss_giou_enc,val/mAP_50,val/mAP_50_95,val/mAP_75,val/mAR,val/precision,val/recall
0,49,,,,,,,,,,,,,,,,,,,,,,,9.999376925406978e-05,9.999376925406978e-05,3.232362587368698e-06,,,,,,,,,,,,,,,,,,,,,,,,,,,,,,,,,,
0,99,,,,,,,,,,,,,,,,,,,,,,,9.997456072596833e-05,9.997456072596833e-05,3.2317416298610624e-06,,,,,,,,,,,,,,,,,,,,,,,,,,,,,,,,,,
0,149,,,,,,,,,,,,,,,,,,,,,,,9.994237188948318e-05,9.994237188948318e-05,3.2307013952959096e-06,,,,,,,,,,,,,,,,,,,,,,,,,,,,,,,,,,
0,199,,,,,,,,,,,,,,,,,,,,,,,9.989722457248718e-05,9.989722457248718e-05,3.2292418836732395e-06,,,,,,,,,,,,,,,,,,,,,,,,,,,,,,,,,,
0,249,,,,,,,,,,,,,,,,,,,,,,,9.983912605093792e-05,9.983912605093792e-05,3.2273637771140784e-06,,,,,,,,,,,,,,,,,,,,,,,,,,,,,,,,,,
0,299,,,,,,,,,,,,,,,,,,,,,,,9.976808360079303e-05,9.976808360079303e-05,3.2250673029921018e-06,,,,,,,,,,,,,,,,,,,,,,,,,,,,,,,,,,
0,349,,,,,,,,,,,,,,,,,,,,,,,9.968411904992536e-05,9.968411904992536e-05,3.222353143428336e-06,,,,,,,,,,,,,,,,,,,,,,,,,,,,,,,,,,
0,399,,,,,,,,,,,,,,,,,,,,,,,9.958726150216535e-05,9.958726150216535e-05,3.2192222079174826e-06,,,,,,,,,,,,,,,,,,,,,,,,,,,,,,,,,,
0,449,,,,,,,,,,,,,,,,,,,,,,,9.947753278538585e-05,9.947753278538585e-05,3.215675178580568e-06,,,,,,,,,,,,,,,,,,,,,,,,,,,,,,,,,,
0,484,,,,,,,,,,,,,,,,,,,,,,,,,,0.35199910402297974,0.4455893337726593,0.6745637059211731,298.7375183105469,298.4756164550781,298.63531494140625,298.7520446777344,298.76190185546875,43.004737854003906,0.7327097654342651,0.4166964888572693,0.6616708040237427,5.0272321701049805,0.02978149615228176,0.03043329529464245,0.030651353299617767,0.030364379286766052,0.03713880851864815,0.5414777994155884,0.5940492153167725,0.5442911982536316,0.5451640486717224,0.591762125492096,0.13570240139961243,0.139910489320755,0.13966389000415802,0.13888368010520935,0.15515996515750885,0.7085782289505005,0.3987942337989807,0.3906729519367218,0.6507868766784668,0.6956782937049866,0.6564251184463501
0,484,3876.550048828125,3815.197021484375,3870.42626953125,3875.77685546875,3862.36328125,8.395491600036621,9.38058090209961,0.06785131990909576,0.06944908201694489,0.0692749097943306,0.06880006194114685,0.07689670473337173,0.9326255917549133,1.0266809463500977,0.9585217833518982,0.9378286004066467,1.038083791732788,0.26411348581314087,0.27062663435935974,0.26957353949546814,0.2672055959701538,0.2912174165248871,,,,,,,,,,,,,,,,,,,,,,,,,,,,,,,,,,,,,
1,499,,,,,,,,,,,,,,,,,,,,,,,9.935496200341731e-05,9.935496200341731e-05,3.211712737538619e-06,,,,,,,,,,,,,,,,,,,,,,,,,,,,,,,,,,
1,549,,,,,,,,,,,,,,,,,,,,,,,9.921957098413259e-05,9.921957098413259e-05,3.207336476407363e-06,,,,,,,,,,,,,,,,,,,,,,,,,,,,,,,,,,
1,599,,,,,,,,,,,,,,,,,,,,,,,9.907141065923497e-05,9.907141065923497e-05,3.202547077307827e-06,,,,,,,,,,,,,,,,,,,,,,,,,,,,,,,,,,
1,649,,,,,,,,,,,,,,,,,,,,,,,9.891051740851253e-05,9.891051740851253e-05,3.197345904482063e-06,,,,,,,,,,,,,,,,,,,,,,,,,,,,,,,,,,
1,699,,,,,,,,,,,,,,,,,,,,,,,9.873692033579573e-05,9.873692033579573e-05,3.191734322172124e-06,,,,,,,,,,,,,,,,,,,,,,,,,,,,,,,,,,
1,749,,,,,,,,,,,,,,,,,,,,,,,9.855067764874548e-05,9.855067764874548e-05,3.185713921993738e-06,,,,,,,,,,,,,,,,,,,,,,,,,,,,,,,,,,
1,799,,,,,,,,,,,,,,,,,,,,,,,9.835184027906507e-05,9.835184027906507e-05,3.1792862955626333e-06,,,,,,,,,,,,,,,,,,,,,,,,,,,,,,,,,,
1,849,,,,,,,,,,,,,,,,,,,,,,,9.814044460654259e-05,9.814044460654259e-05,3.1724528071208624e-06,,,,,,,,,,,,,,,,,,,,,,,,,,,,,,,,,,
1,899,,,,,,,,,,,,,,,,,,,,,,,9.791656339075416e-05,9.791656339075416e-05,3.1652157304051798e-06,,,,,,,,,,,,,,,,,,,,,,,,,,,,,,,,,,
1,949,,,,,,,,,,,,,,,,,,,,,,,9.76802475634031e-05,9.76802475634031e-05,3.1575766570313135e-06,,,,,,,,,,,,,,,,,,,,,,,,,,,,,,,,,,
1,969,,,,,,,,,,,,,,,,,,,,,,,,,,0.3794954717159271,0.45954838395118713,0.7102450728416443,298.7630615234375,298.55169677734375,298.4883728027344,298.67132568359375,298.7682800292969,42.94108581542969,0.7703061103820801,0.44353318214416504,0.6654338836669922,4.713394641876221,0.030267421156167984,0.03237563744187355,0.03125280141830444,0.02977752313017845,0.03816596046090126,0.4804675579071045,0.5151491165161133,0.48113346099853516,0.4824293851852417,0.5231631398200989,0.1375877559185028,0.14136576652526855,0.13943150639533997,0.13763342797756195,0.15490920841693878,0.7419777512550354,0.41952192783355713,0.4169543981552124,0.6573010683059692,0.7674400210380554,0.6632317900657654
1,969,3897.490234375,3884.032958984375,3894.240234375,3896.1591796875,3897.888427734375,0.6640745401382446,8.270812034606934,0.06055150553584099,0.0603632889688015,0.0605880431830883,0.060698144137859344,0.07249699532985687,0.8171113133430481,0.9011515378952026,0.842061460018158,0.8221502304077148,0.9116001129150391,0.2329978048801422,0.23558759689331055,0.23454350233078003,0.23389694094657898,0.2645977735519409,,,,,,,,,,,,,,,,,,,,,,,,,,,,,,,,,,,,,
2,999,,,,,,,,,,,,,,,,,,,,,,,9.743155533215031e-05,9.743155533215031e-05,3.149537405988667e-06,,,,,,,,,,,,,,,,,,,,,,,,,,,,,,,,,,
2,1049,,,,,,,,,,,,,,,,,,,,,,,9.717055945657194e-05,9.717055945657194e-05,3.141100705761346e-06,,,,,,,,,,,,,,,,,,,,,,,,,,,,,,,,,,
2,1099,,,,,,,,,,,,,,,,,,,,,,,9.689731814432889e-05,9.689731814432889e-05,3.1322681479650782e-06,,,,,,,,,,,,,,,,,,,,,,,,,,,,,,,,,,
2,1149,,,,,,,,,,,,,,,,,,,,,,,9.661191870691255e-05,9.661191870691255e-05,3.1230422337102937e-06,,,,,,,,,,,,,,,,,,,,,,,,,,,,,,,,,,
2,1199,,,,,,,,,,,,,,,,,,,,,,,9.631442662794143e-05,9.631442662794143e-05,3.113425464107422e-06,,,,,,,,,,,,,,,,,,,,,,,,,,,,,,,,,,
2,1249,,,,,,,,,,,,,,,,,,,,,,,9.600491466699168e-05,9.600491466699168e-05,3.103420567640569e-06,,,,,,,,,,,,,,,,,,,,,,,,,,,,,,,,,,
2,1299,,,,,,,,,,,,,,,,,,,,,,,9.568347013555467e-05,9.568347013555467e-05,3.0930295906728134e-06,,,,,,,,,,,,,,,,,,,,,,,,,,,,,,,,,,
2,1349,,,,,,,,,,,,,,,,,,,,,,,9.535018034512177e-05,9.535018034512177e-05,3.0822559438092867e-06,,,,,,,,,,,,,,,,,,,,,,,,,,,,,,,,,,
2,1399,,,,,,,,,,,,,,,,,,,,,,,9.500513260718435e-05,9.500513260718435e-05,3.0711019007867435e-06,,,,,,,,,,,,,,,,,,,,,,,,,,,,,,,,,,
2,1449,,,,,,,,,,,,,,,,,,,,,,,9.464840695727617e-05,9.464840695727617e-05,3.05957064483664e-06,,,,,,,,,,,,,,,,,,,,,,,,,,,,,,,,,,
2,1454,,,,,,,,,,,,,,,,,,,,,,,,,,0.38450223207473755,0.4893186390399933,0.7239150404930115,298.7491149902344,298.25958251953125,298.4901428222656,296.8966369628906,298.7746887207031,42.93978500366211,0.7852388024330139,0.4563479721546173,0.6598666906356812,4.678991317749023,0.03450500965118408,0.034876417368650436,0.03422578424215317,0.03465963155031204,0.03940345719456673,0.4578583538532257,0.47999799251556396,0.4622536301612854,0.4595147967338562,0.49026307463645935,0.14072133600711823,0.1421353965997696,0.14142072200775146,0.14069651067256927,0.15540216863155365,0.7590464949607849,0.4369104206562042,0.43304869532585144,0.6406198740005493,0.7724811434745789,0.6811310648918152
2,1454,3898.36669921875,3883.42578125,3893.10205078125,3885.16552734375,3898.417236328125,0.6792052984237671,8.005961418151855,0.057876985520124435,0.05836237967014313,0.05830324441194534,0.058101754635572433,0.07136491686105728,0.7806715965270996,0.8547709584236145,0.8003891706466675,0.7848942279815674,0.8713846206665039,0.23096103966236115,0.23542004823684692,0.2340315580368042,0.2322911024093628,0.26419880986213684,,,,,,,,,,,,,,,,,,,,,,,,,,,,,,,,,,,,,
3,1499,,,,,,,,,,,,,,,,,,,,,,,9.428011253476143e-05,9.428011253476143e-05,3.047665131816757e-06,,,,,,,,,,,,,,,,,,,,,,,,,,,,,,,,,,
3,1549,,,,,,,,,,,,,,,,,,,,,,,9.39003293751739e-05,9.39003293751739e-05,3.0353885449585505e-06,,,,,,,,,,,,,,,,,,,,,,,,,,,,,,,,,,
3,1599,,,,,,,,,,,,,,,,,,,,,,,9.350916661787778e-05,9.350916661787778e-05,3.0227438401198015e-06,,,,,,,,,,,,,,,,,,,,,,,,,,,,,,,,,,
3,1649,,,,,,,,,,,,,,,,,,,,,,,9.31067334022373e-05,9.31067334022373e-05,3.0097348826529924e-06,,,,,,,,,,,,,,,,,,,,,,,,,,,,,,,,,,
3,1699,,,,,,,,,,,,,,,,,,,,,,,9.269311703974381e-05,9.269311703974381e-05,2.996364628415904e-06,,,,,,,,,,,,,,,,,,,,,,,,,,,,,,,,,,
3,1749,,,,,,,,,,,,,,,,,,,,,,,9.226844122167677e-05,9.226844122167677e-05,2.9826367153873434e-06,,,,,,,,,,,,,,,,,,,,,,,,,,,,,,,,,,
3,1799,,,,,,,,,,,,,,,,,,,,,,,9.183281508740038e-05,9.183281508740038e-05,2.9685545541724423e-06,,,,,,,,,,,,,,,,,,,,,,,,,,,,,,,,,,
3,1849,,,,,,,,,,,,,,,,,,,,,,,9.138634050032124e-05,9.138634050032124e-05,2.9541222374973586e-06,,,,,,,,,,,,,,,,,,,,,,,,,,,,,,,,,,
3,1899,,,,,,,,,,,,,,,,,,,,,,,9.092915570363402e-05,9.092915570363402e-05,2.939343175967224e-06,,,,,,,,,,,,,,,,,,,,,,,,,,,,,,,,,,
3,1939,,,,,,,,,,,,,,,,,,,,,,,,,,0.3986651301383972,0.4943104386329651,0.7324151396751404,298.7578430175781,298.713134765625,298.7409973144531,298.54644775390625,298.78106689453125,42.86269760131836,0.7961763143539429,0.46837446093559265,0.6729501485824585,4.525028228759766,0.031143764033913612,0.03207973390817642,0.031064007431268692,0.03141649439930916,0.0411624014377594,0.44107937812805176,0.47336989641189575,0.4525412917137146,0.43845102190971375,0.47978731989860535,0.13644391298294067,0.1386600136756897,0.1361173689365387,0.13655510544776917,0.1549573689699173,0.7812297940254211,0.44648778438568115,0.44565629959106445,0.6598719358444214,0.7227568626403809,0.7452534437179565
3,1939,3898.74169921875,3891.819580078125,3896.472412109375,3875.888427734375,3898.71142578125,0.7184649705886841,7.913676738739014,0.05798032879829407,0.05882680043578148,0.05893312022089958,0.05829454958438873,0.07218334078788757,0.7724157571792603,0.8308937549591064,0.7854254245758057,0.774236261844635,0.8449374437332153,0.22924035787582397,0.23321294784545898,0.23222151398658752,0.23072509467601776,0.26193901896476746,,,,,,,,,,,,,,,,,,,,,,,,,,,,,,,,,,,,,
4,1949,,,,,,,,,,,,,,,,,,,,,,,9.046136256074533e-05,9.046136256074533e-05,2.924221689681872e-06,,,,,,,,,,,,,,,,,,,,,,,,,,,,,,,,,,
4,1999,,,,,,,,,,,,,,,,,,,,,,,8.998309203889221e-05,8.998309203889221e-05,2.9087611892464338e-06,,,,,,,,,,,,,,,,,,,,,,,,,,,,,,,,,,
4,2049,,,,,,,,,,,,,,,,,,,,,,,8.949446782935411e-05,8.949446782935411e-05,2.8929659947607433e-06,,,,,,,,,,,,,,,,,,,,,,,,,,,,,,,,,,
4,2099,,,,,,,,,,,,,,,,,,,,,,,8.899561362341046e-05,8.899561362341046e-05,2.876840426324634e-06,,,,,,,,,,,,,,,,,,,,,,,,,,,,,,,,,,
4,2149,,,,,,,,,,,,,,,,,,,,,,,8.848666766425595e-05,8.848666766425595e-05,2.860388349290588e-06,,,,,,,,,,,,,,,,,,,,,,,,,,,,,,,,,,
4,2199,,,,,,,,,,,,,,,,,,,,,,,8.796776091912761e-05,8.796776091912761e-05,2.8436143111321144e-06,,,,,,,,,,,,,,,,,,,,,,,,,,,,,,,,,,
4,2249,,,,,,,,,,,,,,,,,,,,,,,8.743903163122013e-05,8.743903163122013e-05,2.826522859322722e-06,,,,,,,,,,,,,,,,,,,,,,,,,,,,,,,,,,
4,2299,,,,,,,,,,,,,,,,,,,,,,,8.690061076777056e-05,8.690061076777056e-05,2.809118086588569e-06,,,,,,,,,,,,,,,,,,,,,,,,,,,,,,,,,,
4,2349,,,,,,,,,,,,,,,,,,,,,,,8.635265112388879e-05,8.635265112388879e-05,2.7914047677768394e-06,,,,,,,,,,,,,,,,,,,,,,,,,,,,,,,,,,
4,2399,,,,,,,,,,,,,,,,,,,,,,,8.579528366681188e-05,8.579528366681188e-05,2.7733876777347177e-06,,,,,,,,,,,,,,,,,,,,,,,,,,,,,,,,,,
4,2424,,,,,,,,,,,,,,,,,,,,,,,,,,0.40296560525894165,0.5060170292854309,0.7409965395927429,298.7566833496094,298.7712097167969,298.7328796386719,298.2938537597656,298.7793273925781,42.9047966003418,0.8016161918640137,0.47265517711639404,0.6719217896461487,4.47898006439209,0.030495265498757362,0.03146985545754433,0.03058238886296749,0.030170194804668427,0.03582048416137695,0.449842244386673,0.4705665111541748,0.4550166726112366,0.4515005052089691,0.4828566312789917,0.13288871943950653,0.13691207766532898,0.13464663922786713,0.13416732847690582,0.14963845908641815,0.7831326127052307,0.4544913172721863,0.4671541750431061,0.6594407558441162,0.7549259662628174,0.7286779284477234
4,2424,3898.642333984375,3896.58544921875,3896.87744140625,3879.85009765625,3898.098388671875,0.6280666589736938,7.73832368850708,0.05677328258752823,0.056860193610191345,0.057025279849767685,0.05667204037308693,0.07031053304672241,0.7525864839553833,0.8215076327323914,0.7730430364608765,0.7589124441146851,0.8391927480697632,0.22316312789916992,0.22608591616153717,0.22469697892665863,0.22287268936634064,0.2556195855140686,,,,,,,,,,,,,,,,,,,,,,,,,,,,,,,,,,,,,
5,2449,,,,,,,,,,,,,,,,,,,,,,,8.522866119164973e-05,8.522866119164973e-05,2.7550711365620373e-06,,,,,,,,,,,,,,,,,,,,,,,,,,,,,,,,,,
5,2499,,,,,,,,,,,,,,,,,,,,,,,8.465293649351224e-05,8.465293649351224e-05,2.7364603738533333e-06,,,,,,,,,,,,,,,,,,,,,,,,,,,,,,,,,,
5,2549,,,,,,,,,,,,,,,,,,,,,,,8.406824781559408e-05,8.406824781559408e-05,2.71756016445579e-06,,,,,,,,,,,,,,,,,,,,,,,,,,,,,,,,,,
5,2599,,,,,,,,,,,,,,,,,,,,,,,8.347476250492036e-05,8.347476250492036e-05,2.698375283216592e-06,,,,,,,,,,,,,,,,,,,,,,,,,,,,,,,,,,
5,2649,,,,,,,,,,,,,,,,,,,,,,,8.287262608064339e-05,8.287262608064339e-05,2.678910959730274e-06,,,,,,,,,,,,,,,,,,,,,,,,,,,,,,,,,,
5,2699,,,,,,,,,,,,,,,,,,,,,,,8.226200588978827e-05,8.226200588978827e-05,2.659172196217696e-06,,,,,,,,,,,,,,,,,,,,,,,,,,,,,,,,,,
5,2749,,,,,,,,,,,,,,,,,,,,,,,8.164305472746491e-05,8.164305472746491e-05,2.639163994899718e-06,,,,,,,,,,,,,,,,,,,,,,,,,,,,,,,,,,
5,2799,,,,,,,,,,,,,,,,,,,,,,,8.101593266474083e-05,8.101593266474083e-05,2.618892040118226e-06,,,,,,,,,,,,,,,,,,,,,,,,,,,,,,,,,,
5,2849,,,,,,,,,,,,,,,,,,,,,,,8.038081432459876e-05,8.038081432459876e-05,2.598361334094079e-06,,,,,,,,,,,,,,,,,,,,,,,,,,,,,,,,,,
5,2899,,,,,,,,,,,,,,,,,,,,,,,7.97378525021486e-05,7.97378525021486e-05,2.577577333795489e-06,,,,,,,,,,,,,,,,,,,,,,,,,,,,,,,,,,
5,2909,,,,,,,,,,,,,,,,,,,,,,,,,,0.4070640504360199,0.5260005593299866,0.7424813508987427,298.77178955078125,298.7735290527344,298.36468505859375,297.7241516113281,298.7735290527344,42.898582458496094,0.8086123466491699,0.48084110021591187,0.6798282265663147,4.423484802246094,0.029864946380257607,0.029828811064362526,0.029610447585582733,0.02933613210916519,0.03569190949201584,0.44002604484558105,0.4830593168735504,0.4448596239089966,0.44428882002830505,0.4919295608997345,0.1318223774433136,0.13236260414123535,0.13166578114032745,0.13098426163196564,0.14699509739875793,0.7862100005149841,0.46653228998184204,0.4750499725341797,0.6733750104904175,0.7617616057395935,0.7244501709938049
5,2909,3898.678466796875,3897.93359375,3897.049560546875,3881.22412109375,3898.458740234375,0.5242874026298523,7.583837032318115,0.055443212389945984,0.058226000517606735,0.05687596648931503,0.05557168647646904,0.06970537453889847,0.7415491938591003,0.7911999225616455,0.7543163299560547,0.7460200786590576,0.8121207356452942,0.21771050989627838,0.2233005315065384,0.22038254141807556,0.21792897582054138,0.25044044852256775,,,,,,,,,,,,,,,,,,,,,,,,,,,,,,,,,,,,,
6,2949,,,,,,,,,,,,,,,,,,,,,,,7.90872290963307e-05,7.90872290963307e-05,2.5565454961906653e-06,,,,,,,,,,,,,,,,,,,,,,,,,,,,,,,,,,
6,2999,,,,,,,,,,,,,,,,,,,,,,,7.84291114541702e-05,7.84291114541702e-05,2.5352712782478193e-06,,,,,,,,,,,,,,,,,,,,,,,,,,,,,,,,,,
6,3049,,,,,,,,,,,,,,,,,,,,,,,7.776366692269221e-05,7.776366692269221e-05,2.513760364308837e-06,,,,,,,,,,,,,,,,,,,,,,,,,,,,,,,,,,
6,3099,,,,,,,,,,,,,,,,,,,,,,,7.709107012487948e-05,7.709107012487948e-05,2.492018438715604e-06,,,,,,,,,,,,,,,,,,,,,,,,,,,,,,,,,,
6,3149,,,,,,,,,,,,,,,,,,,,,,,7.641150295967236e-05,7.641150295967236e-05,2.4700509584363317e-06,,,,,,,,,,,,,,,,,,,,,,,,,,,,,,,,,,
6,3199,,,,,,,,,,,,,,,,,,,,,,,7.57251400500536e-05,7.57251400500536e-05,2.447863835186581e-06,,,,,,,,,,,,,,,,,,,,,,,,,,,,,,,,,,
6,3249,,,,,,,,,,,,,,,,,,,,,,,7.503216329496354e-05,7.503216329496354e-05,2.425462980681914e-06,,,,,,,,,,,,,,,,,,,,,,,,,,,,,,,,,,
6,3299,,,,,,,,,,,,,,,,,,,,,,,7.433275459334254e-05,7.433275459334254e-05,2.402854079264216e-06,,,,,,,,,,,,,,,,,,,,,,,,,,,,,,,,,,
6,3349,,,,,,,,,,,,,,,,,,,,,,,7.362709584413096e-05,7.362709584413096e-05,2.3800432700227248e-06,,,,,,,,,,,,,,,,,,,,,,,,,,,,,,,,,,
6,3394,,,,,,,,,,,,,,,,,,,,,,,,,,0.40450218319892883,0.5221182107925415,0.7586238980293274,298.77874755859375,298.75726318359375,296.7444763183594,297.53717041015625,298.7415771484375,42.838748931884766,0.8139337301254272,0.48300373554229736,0.6726176142692566,4.434298992156982,0.03240688890218735,0.03309048339724541,0.032570965588092804,0.03228699788451195,0.03788891062140465,0.4314468204975128,0.4438304901123047,0.42992866039276123,0.4287809431552887,0.4499480128288269,0.13743054866790771,0.13999496400356293,0.1381646990776062,0.13711495697498322,0.15186640620231628,0.7979164123535156,0.463310182094574,0.4661567211151123,0.6603177785873413,0.7778000235557556,0.7403745055198669
6,3394,3898.81689453125,3897.542236328125,3894.838134765625,3857.6845703125,3898.5185546875,0.608858048915863,7.547091960906982,0.05537441372871399,0.057315923273563385,0.05689340829849243,0.055964842438697815,0.06920367479324341,0.7295917272567749,0.7797639966011047,0.7409349679946899,0.7322510480880737,0.7986260056495667,0.22122348845005035,0.22585968673229218,0.22470298409461975,0.22263555228710175,0.25165683031082153,,,,,,,,,,,,,,,,,,,,,,,,,,,,,,,,,,,,,
7,3399,,,,,,,,,,,,,,,,,,,,,,,7.291537622222677e-05,7.291537622222677e-05,2.357036237299326e-06,,,,,,,,,,,,,,,,,,,,,,,,,,,,,,,,,,
7,3449,,,,,,,,,,,,,,,,,,,,,,,7.21977703506127e-05,7.21977703506127e-05,2.333839347556932e-06,,,,,,,,,,,,,,,,,,,,,,,,,,,,,,,,,,
7,3499,,,,,,,,,,,,,,,,,,,,,,,7.147448195610195e-05,7.147448195610195e-05,2.310458285137429e-06,,,,,,,,,,,,,,,,,,,,,,,,,,,,,,,,,,
7,3549,,,,,,,,,,,,,,,,,,,,,,,7.074568566167727e-05,7.074568566167727e-05,2.2868996438774047e-06,,,,,,,,,,,,,,,,,,,,,,,,,,,,,,,,,,
7,3599,,,,,,,,,,,,,,,,,,,,,,,7.001158519415185e-05,7.001158519415185e-05,2.263169335492421e-06,,,,,,,,,,,,,,,,,,,,,,,,,,,,,,,,,,
7,3649,,,,,,,,,,,,,,,,,,,,,,,6.927236972842366e-05,6.927236972842366e-05,2.23927372644539e-06,,,,,,,,,,,,,,,,,,,,,,,,,,,,,,,,,,
7,3699,,,,,,,,,,,,,,,,,,,,,,,6.852822843939066e-05,6.852822843939066e-05,2.2152189558255486e-06,,,,,,,,,,,,,,,,,,,,,,,,,,,,,,,,,,
7,3749,,,,,,,,,,,,,,,,,,,,,,,6.777935777790844e-05,6.777935777790844e-05,2.191011162722134e-06,,,,,,,,,,,,,,,,,,,,,,,,,,,,,,,,,,
7,3799,,,,,,,,,,,,,,,,,,,,,,,6.702596147079021e-05,6.702596147079021e-05,2.1666571683454094e-06,,,,,,,,,,,,,,,,,,,,,,,,,,,,,,,,,,
7,3849,,,,,,,,,,,,,,,,,,,,,,,6.62682214169763e-05,6.62682214169763e-05,2.1421628844109364e-06,,,,,,,,,,,,,,,,,,,,,,,,,,,,,,,,,,
7,3879,,,,,,,,,,,,,,,,,,,,,,,,,,0.4097582995891571,0.5220992565155029,0.7498234510421753,298.7804870605469,298.7752685546875,298.4976806640625,298.5209045410156,298.7183532714844,42.88520812988281,0.8097353577613831,0.48140448331832886,0.6683855056762695,4.350749492645264,0.03050815872848034,0.032545436173677444,0.03061288222670555,0.030603451654314995,0.03751774877309799,0.42097175121307373,0.4412752389907837,0.42652663588523865,0.4227394759654999,0.4510290324687958,0.1335553675889969,0.13784706592559814,0.13476887345314026,0.13359101116657257,0.1498723030090332,0.7986450791358948,0.4659287631511688,0.4660211503505707,0.6630389094352722,0.7979761362075806,0.7075857520103455
7,3879,3898.86572265625,3897.751220703125,3892.72216796875,3840.31689453125,3897.893310546875,0.6796408295631409,7.277507305145264,0.05407069995999336,0.05573755502700806,0.055405065417289734,0.054755598306655884,0.06773034483194351,0.7005897760391235,0.7459431886672974,0.7077643275260925,0.7012856006622314,0.76611328125,0.21366772055625916,0.21813735365867615,0.21753071248531342,0.21551649272441864,0.24380552768707275,,,,,,,,,,,,,,,,,,,,,,,,,,,,,,,,,,,,,
8,3899,,,,,,,,,,,,,,,,,,,,,,,6.550635589519516e-05,6.550635589519516e-05,2.117535132128978e-06,,,,,,,,,,,,,,,,,,,,,,,,,,,,,,,,,,
8,3949,,,,,,,,,,,,,,,,,,,,,,,6.474055408034474e-05,6.474055408034474e-05,2.0927800505887717e-06,,,,,,,,,,,,,,,,,,,,,,,,,,,,,,,,,,
8,3999,,,,,,,,,,,,,,,,,,,,,,,6.397101242328063e-05,6.397101242328063e-05,2.067904233626905e-06,,,,,,,,,,,,,,,,,,,,,,,,,,,,,,,,,,
8,4049,,,,,,,,,,,,,,,,,,,,,,,6.319794920273125e-05,6.319794920273125e-05,2.0429142750799656e-06,,,,,,,,,,,,,,,,,,,,,,,,,,,,,,,,,,
8,4099,,,,,,,,,,,,,,,,,,,,,,,6.242154631763697e-05,6.242154631763697e-05,2.017816541410866e-06,,,,,,,,,,,,,,,,,,,,,,,,,,,,,,,,,,
8,4149,,,,,,,,,,,,,,,,,,,,,,,6.16420220467262e-05,6.16420220467262e-05,1.99261785382987e-06,,,,,,,,,,,,,,,,,,,,,,,,,,,,,,,,,,
8,4199,,,,,,,,,,,,,,,,,,,,,,,6.0859572840854526e-05,6.0859572840854526e-05,1.967324806173565e-06,,,,,,,,,,,,,,,,,,,,,,,,,,,,,,,,,,
8,4249,,,,,,,,,,,,,,,,,,,,,,,6.007440606481396e-05,6.007440606481396e-05,1.941943764904863e-06,,,,,,,,,,,,,,,,,,,,,,,,,,,,,,,,,,
8,4299,,,,,,,,,,,,,,,,,,,,,,,5.92867327213753e-05,5.92867327213753e-05,1.9164815512340283e-06,,,,,,,,,,,,,,,,,,,,,,,,,,,,,,,,,,
8,4349,,,,,,,,,,,,,,,,,,,,,,,5.849675289937295e-05,5.849675289937295e-05,1.8909451000581612e-06,,,,,,,,,,,,,,,,,,,,,,,,,,,,,,,,,,
8,4364,,,,,,,,,,,,,,,,,,,,,,,,,,0.41882258653640747,0.5461117029190063,0.7523851990699768,298.78106689453125,298.76885986328125,298.4976806640625,297.4001159667969,298.70440673828125,42.87989807128906,0.8197648525238037,0.48997920751571655,0.6689921617507935,4.356095314025879,0.030917493626475334,0.031953081488609314,0.03183811902999878,0.030727222561836243,0.03722541406750679,0.4284273087978363,0.44148579239845276,0.424662709236145,0.4292009174823761,0.4537011384963989,0.13215035200119019,0.13613273203372955,0.13522981107234955,0.1325184404850006,0.14662422239780426,0.8102301955223083,0.4824671447277069,0.5002462863922119,0.6604176163673401,0.8108844757080078,0.7023075222969055
8,4364,3898.8662109375,3897.802978515625,3897.263671875,3883.961669921875,3897.4453125,0.4035283625125885,7.222883224487305,0.05481873080134392,0.056157782673835754,0.0552673377096653,0.0549829825758934,0.0671355351805687,0.6914993524551392,0.7373734712600708,0.702313244342804,0.6936827898025513,0.7596179246902466,0.21246089041233063,0.21672441065311432,0.21450470387935638,0.21297968924045563,0.24162045121192932,,,,,,,,,,,,,,,,,,,,,,,,,,,,,,,,,,,,,
9,4399,,,,,,,,,,,,,,,,,,,,,,,5.770467396359891e-05,5.770467396359891e-05,1.8653406641533365e-06,,,,,,,,,,,,,,,,,,,,,,,,,,,,,,,,,,
9,4449,,,,,,,,,,,,,,,,,,,,,,,5.691071055480279e-05,5.691071055480279e-05,1.8396751784166554e-06,,,,,,,,,,,,,,,,,,,,,,,,,,,,,,,,,,
9,4499,,,,,,,,,,,,,,,,,,,,,,,5.611506276181899e-05,5.611506276181899e-05,1.813955464058381e-06,,,,,,,,,,,,,,,,,,,,,,,,,,,,,,,,,,
9,4549,,,,,,,,,,,,,,,,,,,,,,,5.5317945225397125e-05,5.5317945225397125e-05,1.7881880012282636e-06,,,,,,,,,,,,,,,,,,,,,,,,,,,,,,,,,,
9,4599,,,,,,,,,,,,,,,,,,,,,,,5.451956167235039e-05,5.451956167235039e-05,1.7623798385102418e-06,,,,,,,,,,,,,,,,,,,,,,,,,,,,,,,,,,
9,4649,,,,,,,,,,,,,,,,,,,,,,,5.37201231054496e-05,5.37201231054496e-05,1.7365374560540658e-06,,,,,,,,,,,,,,,,,,,,,,,,,,,,,,,,,,
9,4699,,,,,,,,,,,,,,,,,,,,,,,5.2919844165444374e-05,5.2919844165444374e-05,1.7106679024436744e-06,,,,,,,,,,,,,,,,,,,,,,,,,,,,,,,,,,
9,4749,,,,,,,,,,,,,,,,,,,,,,,5.2118928579147905e-05,5.2118928579147905e-05,1.6847777715156553e-06,,,,,,,,,,,,,,,,,,,,,,,,,,,,,,,,,,
9,4799,,,,,,,,,,,,,,,,,,,,,,,5.1317587349331006e-05,5.1317587349331006e-05,1.658873884480272e-06,,,,,,,,,,,,,,,,,,,,,,,,,,,,,,,,,,
9,4849,,,,,,,,,,,,,,,,,,,,,,,5.051603147876449e-05,5.051603147876449e-05,1.6329631762346253e-06,,,,,,,,,,,,,,,,,,,,,,,,,,,,,,,,,,
9,4849,,,,,,,,,,,,,,,,,,,,,,,,,,0.41719692945480347,0.540812611579895,0.7661559581756592,298.7799072265625,298.7781677246094,298.6324157714844,298.17132568359375,298.77294921875,42.87339401245117,0.8198374509811401,0.48951131105422974,0.666107714176178,4.245412826538086,0.030568335205316544,0.03182493895292282,0.03109707124531269,0.030935613438487053,0.037252672016620636,0.4026010036468506,0.4215748608112335,0.4058496356010437,0.40209171175956726,0.4291289746761322,0.1331881880760193,0.13627485930919647,0.13510802388191223,0.13451345264911652,0.1488022357225418,0.815159022808075,0.47900477051734924,0.488945335149765,0.6591124534606934,0.7960120439529419,0.7387778162956238
9,4849,3898.884033203125,3898.179931640625,3897.0576171875,3881.013427734375,3897.80517578125,0.5648427605628967,6.939966201782227,0.05239371582865715,0.053745418787002563,0.05341054126620293,0.05279013514518738,0.06505117565393448,0.6631869673728943,0.7024264335632324,0.6705557703971863,0.6655989289283752,0.7196938991546631,0.20583723485469818,0.21023811399936676,0.20877185463905334,0.20710501074790955,0.23382653295993805,,,,,,,,,,,,,,,,,,,,,,,,,,,,,,,,,,,,,
10,4899,,,,,,,,,,,,,,,,,,,,,,,4.9714471970219165e-05,4.9714471970219165e-05,1.6070522406153032e-06,,,,,,,,,,,,,,,,,,,,,,,,,,,,,,,,,,
10,4949,,,,,,,,,,,,,,,,,,,,,,,4.8913119826465845e-05,4.8913119826465845e-05,1.5811480125194066e-06,,,,,,,,,,,,,,,,,,,,,,,,,,,,,,,,,,
10,4999,,,,,,,,,,,,,,,,,,,,,,,4.8112182412296534e-05,4.8112182412296534e-05,1.5552571994703612e-06,,,,,,,,,,,,,,,,,,,,,,,,,,,,,,,,,,
10,5049,,,,,,,,,,,,,,,,,,,,,,,4.731187073048204e-05,4.731187073048204e-05,1.5293866226784303e-06,,,,,,,,,,,,,,,,,,,,,,,,,,,,,,,,,,
10,5099,,,,,,,,,,,,,,,,,,,,,,,4.651239942177199e-05,4.651239942177199e-05,1.503543103353877e-06,,,,,,,,,,,,,,,,,,,,,,,,,,,,,,,,,,
10,5149,,,,,,,,,,,,,,,,,,,,,,,4.571396857500076e-05,4.571396857500076e-05,1.4777333490201272e-06,,,,,,,,,,,,,,,,,,,,,,,,,,,,,,,,,,
10,5199,,,,,,,,,,,,,,,,,,,,,,,4.491679646889679e-05,4.491679646889679e-05,1.451964180887444e-06,,,,,,,,,,,,,,,,,,,,,,,,,,,,,,,,,,
10,5249,,,,,,,,,,,,,,,,,,,,,,,4.412108683027327e-05,4.412108683027327e-05,1.4262424201660906e-06,,,,,,,,,,,,,,,,,,,,,,,,,,,,,,,,,,
10,5299,,,,,,,,,,,,,,,,,,,,,,,4.3327047023922205e-05,4.3327047023922205e-05,1.400574660692655e-06,,,,,,,,,,,,,,,,,,,,,,,,,,,,,,,,,,
10,5334,,,,,,,,,,,,,,,,,,,,,,,,,,0.4270807206630707,0.5422852635383606,0.7658737897872925,298.78106689453125,298.7804870605469,298.6788635253906,298.63763427734375,298.76885986328125,42.96873092651367,0.8220810294151306,0.49515300989151,0.6694412231445312,4.258262634277344,0.03085281513631344,0.03213561326265335,0.031354136765003204,0.030927123501896858,0.037382978945970535,0.4095436930656433,0.4232880175113678,0.4111015796661377,0.40884697437286377,0.4308982193470001,0.13191980123519897,0.13589529693126678,0.13341976702213287,0.13224512338638306,0.14718060195446014,0.8179813623428345,0.48468297719955444,0.49764201045036316,0.6704831719398499,0.7963813543319702,0.737648606300354
10,5334,3898.875244140625,3898.53564453125,3898.159912109375,3895.63916015625,3898.64892578125,0.2608828842639923,6.889608860015869,0.050915978848934174,0.05219774693250656,0.05221762880682945,0.05152184143662453,0.06338038295507431,0.6581480503082275,0.6994479894638062,0.6649794578552246,0.6591141819953918,0.7201923727989197,0.20695799589157104,0.2099388837814331,0.2093607783317566,0.2078879028558731,0.23413506150245667,,,,,,,,,,,,,,,,,,,,,,,,,,,,,,,,,,,,,
11,5349,,,,,,,,,,,,,,,,,,,,,,,4.253489169059321e-05,4.253489169059321e-05,1.3749677236774005e-06,,,,,,,,,,,,,,,,,,,,,,,,,,,,,,,,,,
11,5399,,,,,,,,,,,,,,,,,,,,,,,4.174482455709949e-05,4.174482455709949e-05,1.349428202956915e-06,,,,,,,,,,,,,,,,,,,,,,,,,,,,,,,,,,
11,5449,,,,,,,,,,,,,,,,,,,,,,,4.0957052988233045e-05,4.0957052988233045e-05,1.3239630334282992e-06,,,,,,,,,,,,,,,,,,,,,,,,,,,,,,,,,,
11,5499,,,,,,,,,,,,,,,,,,,,,,,4.017178434878588e-05,4.017178434878588e-05,1.2985786952413036e-06,,,,,,,,,,,,,,,,,,,,,,,,,,,,,,,,,,
11,5549,,,,,,,,,,,,,,,,,,,,,,,3.9389222365571186e-05,3.9389222365571186e-05,1.2732818959193537e-06,,,,,,,,,,,,,,,,,,,,,,,,,,,,,,,,,,
11,5599,,,,,,,,,,,,,,,,,,,,,,,3.860957804135978e-05,3.860957804135978e-05,1.248079342985875e-06,,,,,,,,,,,,,,,,,,,,,,,,,,,,,,,,,,
11,5649,,,,,,,,,,,,,,,,,,,,,,,3.783304782700725e-05,3.783304782700725e-05,1.2229775165906176e-06,,,,,,,,,,,,,,,,,,,,,,,,,,,,,,,,,,
11,5699,,,,,,,,,,,,,,,,,,,,,,,3.705983908730559e-05,3.705983908730559e-05,1.1979831242570071e-06,,,,,,,,,,,,,,,,,,,,,,,,,,,,,,,,,,
11,5749,,,,,,,,,,,,,,,,,,,,,,,3.629015918704681e-05,3.629015918704681e-05,1.1731026461347938e-06,,,,,,,,,,,,,,,,,,,,,,,,,,,,,,,,,,
11,5799,,,,,,,,,,,,,,,,,,,,,,,3.5524200939107686e-05,3.5524200939107686e-05,1.1483425623737276e-06,,,,,,,,,,,,,,,,,,,,,,,,,,,,,,,,,,
11,5819,,,,,,,,,,,,,,,,,,,,,,,,,,0.4285086691379547,0.5535025596618652,0.7754551768302917,298.78106689453125,298.7793273925781,298.71429443359375,298.6225280761719,298.77874755859375,42.86922836303711,0.8239191174507141,0.49614131450653076,0.6714737415313721,4.201571941375732,0.030497649684548378,0.03202240541577339,0.031386081129312515,0.030809752643108368,0.03693621978163719,0.40313687920570374,0.41353046894073486,0.4022580087184906,0.4028432369232178,0.4228043854236603,0.13055865466594696,0.1341869980096817,0.13252681493759155,0.1312173753976822,0.14587925374507904,0.8230767846107483,0.49100562930107117,0.5085693001747131,0.6739553213119507,0.7873377203941345,0.7641925811767578
11,5819,3898.87109375,3898.47998046875,3898.394287109375,3895.343017578125,3898.71435546875,0.41454795002937317,6.8983283042907715,0.052762601524591446,0.05417961999773979,0.053834013640880585,0.053535252809524536,0.06529881805181503,0.6567516326904297,0.6954037547111511,0.6645875573158264,0.6573997139930725,0.7148373126983643,0.20392173528671265,0.20806685090065002,0.20667776465415955,0.20543748140335083,0.23154303431510925,,,,,,,,,,,,,,,,,,,,,,,,,,,,,,,,,,,,,
12,5849,,,,,,,,,,,,,,,,,,,,,,,3.476217170828022e-05,3.476217170828022e-05,1.1237094668103964e-06,,,,,,,,,,,,,,,,,,,,,,,,,,,,,,,,,,
12,5899,,,,,,,,,,,,,,,,,,,,,,,3.400426794542e-05,3.400426794542e-05,1.0992098395945504e-06,,,,,,,,,,,,,,,,,,,,,,,,,,,,,,,,,,
12,5949,,,,,,,,,,,,,,,,,,,,,,,3.325069337734021e-05,3.325069337734021e-05,1.0748499335022643e-06,,,,,,,,,,,,,,,,,,,,,,,,,,,,,,,,,,
12,5999,,,,,,,,,,,,,,,,,,,,,,,3.250164081691764e-05,3.250164081691764e-05,1.050636342370126e-06,,,,,,,,,,,,,,,,,,,,,,,,,,,,,,,,,,
12,6049,,,,,,,,,,,,,,,,,,,,,,,3.175730671500787e-05,3.175730671500787e-05,1.02657531897421e-06,,,,,,,,,,,,,,,,,,,,,,,,,,,,,,,,,,
12,6099,,,,,,,,,,,,,,,,,,,,,,,3.101788752246648e-05,3.101788752246648e-05,1.002673116090591e-06,,,,,,,,,,,,,,,,,,,,,,,,,,,,,,,,,,
12,6149,,,,,,,,,,,,,,,,,,,,,,,3.028357787115965e-05,3.028357787115965e-05,9.789361001821817e-07,,,,,,,,,,,,,,,,,,,,,,,,,,,,,,,,,,
12,6199,,,,,,,,,,,,,,,,,,,,,,,2.9554568754974753e-05,2.9554568754974753e-05,9.553704103382188e-07,,,,,,,,,,,,,,,,,,,,,,,,,,,,,,,,,,
12,6249,,,,,,,,,,,,,,,,,,,,,,,2.8831052986788563e-05,2.8831052986788563e-05,9.319822993347771e-07,,,,,,,,,,,,,,,,,,,,,,,,,,,,,,,,,,
12,6299,,,,,,,,,,,,,,,,,,,,,,,2.811321974149905e-05,2.811321974149905e-05,9.087778494176746e-07,,,,,,,,,,,,,,,,,,,,,,,,,,,,,,,,,,
12,6304,,,,,,,,,,,,,,,,,,,,,,,,,,0.4248962104320526,0.5548969507217407,0.7753593921661377,298.7804870605469,298.78106689453125,298.743896484375,298.7712097167969,298.77874755859375,42.863548278808594,0.8231415748596191,0.493870347738266,0.6712363362312317,4.220850467681885,0.030260954052209854,0.031368792057037354,0.03127160295844078,0.030707677826285362,0.03560258075594902,0.41107773780822754,0.42097026109695435,0.4099136292934418,0.4082258939743042,0.4235556423664093,0.13108767569065094,0.13455577194690704,0.13317376375198364,0.13183921575546265,0.14486849308013916,0.8203082084655762,0.48989659547805786,0.5091741681098938,0.6699007749557495,0.8270006775856018,0.7298703193664551
12,6304,3898.8486328125,3898.2783203125,3898.424560546875,3896.873046875,3898.7353515625,0.6887171268463135,6.803977966308594,0.050928808748722076,0.05273228511214256,0.05180542171001434,0.051144182682037354,0.06373434513807297,0.6468003392219543,0.6870855689048767,0.6558092832565308,0.6491430401802063,0.7105976343154907,0.20359881222248077,0.20760707557201385,0.2057112157344818,0.20424091815948486,0.23024798929691315,,,,,,,,,,,,,,,,,,,,,,,,,,,,,,,,,,,,,
13,6349,,,,,,,,,,,,,,,,,,,,,,,2.7401256375014782e-05,2.7401256375014782e-05,8.857631996761484e-07,,,,,,,,,,,,,,,,,,,,,,,,,,,,,,,,,,
13,6399,,,,,,,,,,,,,,,,,,,,,,,2.669535024324432e-05,2.669535024324432e-05,8.629443755125976e-07,,,,,,,,,,,,,,,,,,,,,,,,,,,,,,,,,,
13,6449,,,,,,,,,,,,,,,,,,,,,,,2.5995686883106828e-05,2.5995686883106828e-05,8.403272886425839e-07,,,,,,,,,,,,,,,,,,,,,,,,,,,,,,,,,,
13,6499,,,,,,,,,,,,,,,,,,,,,,,2.5302450012532063e-05,2.5302450012532063e-05,8.179179076250875e-07,,,,,,,,,,,,,,,,,,,,,,,,,,,,,,,,,,
13,6549,,,,,,,,,,,,,,,,,,,,,,,2.4615819711470976e-05,2.4615819711470976e-05,7.95722201019089e-07,,,,,,,,,,,,,,,,,,,,,,,,,,,,,,,,,,
13,6599,,,,,,,,,,,,,,,,,,,,,,,2.3935977878863923e-05,2.3935977878863923e-05,7.737458531664743e-07,,,,,,,,,,,,,,,,,,,,,,,,,,,,,,,,,,
13,6649,,,,,,,,,,,,,,,,,,,,,,,2.3263100956683047e-05,2.3263100956683047e-05,7.519946620959672e-07,,,,,,,,,,,,,,,,,,,,,,,,,,,,,,,,,,
13,6699,,,,,,,,,,,,,,,,,,,,,,,2.2597367205889896e-05,2.2597367205889896e-05,7.304744258362916e-07,,,,,,,,,,,,,,,,,,,,,,,,,,,,,,,,,,
13,6749,,,,,,,,,,,,,,,,,,,,,,,2.193895124946721e-05,2.193895124946721e-05,7.09190658199077e-07,,,,,,,,,,,,,,,,,,,,,,,,,,,,,,,,,,
13,6789,,,,,,,,,,,,,,,,,,,,,,,,,,0.4232829213142395,0.554716944694519,0.773001492023468,298.77874755859375,298.78106689453125,298.7590026855469,298.7770080566406,298.777587890625,42.83941650390625,0.8189539909362793,0.49307137727737427,0.6740267872810364,4.2112250328063965,0.03182950243353844,0.0325167141854763,0.03277869150042534,0.031703509390354156,0.036385513842105865,0.40421995520591736,0.40951910614967346,0.3975866436958313,0.4030485153198242,0.4170176386833191,0.1318894475698471,0.13506008684635162,0.13397057354450226,0.13224175572395325,0.14371979236602783,0.8191863894462585,0.4889999032020569,0.500386118888855,0.6688545346260071,0.7734765410423279,0.7725276947021484
13,6789,3898.851806640625,3898.67041015625,3898.684326171875,3898.53271484375,3898.769775390625,0.5912953615188599,6.731416702270508,0.05021410062909126,0.051140196621418,0.0509641170501709,0.05062646418809891,0.061987973749637604,0.6402902007102966,0.6825700998306274,0.6488323211669922,0.6416794061660767,0.7043549418449402,0.202814981341362,0.20546357333660126,0.2046612799167633,0.2037270963191986,0.2278451919555664,,,,,,,,,,,,,,,,,,,,,,,,,,,,,,,,,,,,,
14,6799,,,,,,,,,,,,,,,,,,,,,,,2.128802407241892e-05,2.128802407241892e-05,6.881490435262094e-07,,,,,,,,,,,,,,,,,,,,,,,,,,,,,,,,,,
14,6849,,,,,,,,,,,,,,,,,,,,,,,2.0644756659748964e-05,2.0644756659748964e-05,6.673549819424807e-07,,,,,,,,,,,,,,,,,,,,,,,,,,,,,,,,,,
14,6899,,,,,,,,,,,,,,,,,,,,,,,2.000931817747187e-05,2.000931817747187e-05,6.468140441029391e-07,,,,,,,,,,,,,,,,,,,,,,,,,,,,,,,,,,
14,6949,,,,,,,,,,,,,,,,,,,,,,,1.938187597261276e-05,1.938187597261276e-05,6.265315732889576e-07,,,,,,,,,,,,,,,,,,,,,,,,,,,,,,,,,,
14,6999,,,,,,,,,,,,,,,,,,,,,,,1.876259375421796e-05,1.876259375421796e-05,6.065129127819091e-07,,,,,,,,,,,,,,,,,,,,,,,,,,,,,,,,,,
14,7049,,,,,,,,,,,,,,,,,,,,,,,1.8151635231333785e-05,1.8151635231333785e-05,5.8676323533291e-07,,,,,,,,,,,,,,,,,,,,,,,,,,,,,,,,,,
14,7099,,,,,,,,,,,,,,,,,,,,,,,1.7549158656038344e-05,1.7549158656038344e-05,5.672878273799142e-07,,,,,,,,,,,,,,,,,,,,,,,,,,,,,,,,,,
14,7149,,,,,,,,,,,,,,,,,,,,,,,1.6955322280409746e-05,1.6955322280409746e-05,5.480916911437816e-07,,,,,,,,,,,,,,,,,,,,,,,,,,,,,,,,,,
14,7199,,,,,,,,,,,,,,,,,,,,,,,1.6370282537536696e-05,1.6370282537536696e-05,5.291798856887908e-07,,,,,,,,,,,,,,,,,,,,,,,,,,,,,,,,,,
14,7249,,,,,,,,,,,,,,,,,,,,,,,1.5794194041518494e-05,1.5794194041518494e-05,5.105574700792204e-07,,,,,,,,,,,,,,,,,,,,,,,,,,,,,,,,,,
14,7274,,,,,,,,,,,,,,,,,,,,,,,,,,0.42447760701179504,0.558235228061676,0.7805699110031128,298.7804870605469,298.7799072265625,298.7183532714844,298.7578430175781,298.7746887207031,42.83677673339844,0.8213238716125488,0.49241364002227783,0.6646234393119812,4.190860271453857,0.0317758284509182,0.03221242129802704,0.031699903309345245,0.03221530094742775,0.03620970994234085,0.39788898825645447,0.40653035044670105,0.3987584710121155,0.39618515968322754,0.41321659088134766,0.13246971368789673,0.1351029872894287,0.1332758516073227,0.13324865698814392,0.14476019144058228,0.8171594738960266,0.49135643243789673,0.5052693486213684,0.6638823747634888,0.7927557229995728,0.768761932849884
14,7274,3898.8701171875,3898.718505859375,3898.615478515625,3898.77587890625,3898.69580078125,0.5984489321708679,6.6064910888671875,0.05101824551820755,0.05218717083334923,0.051684387028217316,0.050997860729694366,0.06180224567651749,0.6175141930580139,0.6603414416313171,0.6270925998687744,0.6213709712028503,0.6810261607170105,0.20072217285633087,0.2028871476650238,0.20222744345664978,0.2005031853914261,0.2240070253610611,,,,,,,,,,,,,,,,,,,,,,,,,,,,,,,,,,,,,
15,7299,,,,,,,,,,,,,,,,,,,,,,,1.5227205039991532e-05,1.5227205039991532e-05,4.922291623188357e-07,,,,,,,,,,,,,,,,,,,,,,,,,,,,,,,,,,
15,7349,,,,,,,,,,,,,,,,,,,,,,,1.4669466509076301e-05,1.4669466509076301e-05,4.741999077850778e-07,,,,,,,,,,,,,,,,,,,,,,,,,,,,,,,,,,
15,7399,,,,,,,,,,,,,,,,,,,,,,,1.4121123967925087e-05,1.4121123967925087e-05,4.564743960600026e-07,,,,,,,,,,,,,,,,,,,,,,,,,,,,,,,,,,
15,7449,,,,,,,,,,,,,,,,,,,,,,,1.3582320207206067e-05,1.3582320207206067e-05,4.390572314605379e-07,,,,,,,,,,,,,,,,,,,,,,,,,,,,,,,,,,
15,7499,,,,,,,,,,,,,,,,,,,,,,,1.305319801758742e-05,1.305319801758742e-05,4.219530183036113e-07,,,,,,,,,,,,,,,,,,,,,,,,,,,,,,,,,,
15,7549,,,,,,,,,,,,,,,,,,,,,,,1.2533895642263815e-05,1.2533895642263815e-05,4.0516624721931294e-07,,,,,,,,,,,,,,,,,,,,,,,,,,,,,,,,,,
15,7599,,,,,,,,,,,,,,,,,,,,,,,1.2024549505440518e-05,1.2024549505440518e-05,3.88701295150895e-07,,,,,,,,,,,,,,,,,,,,,,,,,,,,,,,,,,
15,7649,,,,,,,,,,,,,,,,,,,,,,,1.152529330283869e-05,1.152529330283869e-05,3.72562482198191e-07,,,,,,,,,,,,,,,,,,,,,,,,,,,,,,,,,,
15,7699,,,,,,,,,,,,,,,,,,,,,,,1.1036256182705984e-05,1.1036256182705984e-05,3.567540716176154e-07,,,,,,,,,,,,,,,,,,,,,,,,,,,,,,,,,,
15,7749,,,,,,,,,,,,,,,,,,,,,,,1.0557569112279452e-05,1.0557569112279452e-05,3.412801845570357e-07,,,,,,,,,,,,,,,,,,,,,,,,,,,,,,,,,,
15,7759,,,,,,,,,,,,,,,,,,,,,,,,,,0.4242245554924011,0.5614457130432129,0.7839167714118958,298.7804870605469,298.78106689453125,298.72589111328125,298.77874755859375,298.777587890625,42.853309631347656,0.8208351731300354,0.4928179085254669,0.6681192517280579,4.1941962242126465,0.03200643137097359,0.03399048373103142,0.033117640763521194,0.03225201740860939,0.03644048422574997,0.3966223895549774,0.4026232063770294,0.39353784918785095,0.3954029679298401,0.4066109359264374,0.13232144713401794,0.13608381152153015,0.13397912681102753,0.13339421153068542,0.1444031000137329,0.8196722269058228,0.492835134267807,0.5128334760665894,0.6679033637046814,0.7943232655525208,0.7738354802131653
15,7759,3898.873291015625,3898.829345703125,3898.43359375,3898.27099609375,3898.671142578125,0.3311302661895752,6.420589447021484,0.04838129132986069,0.0494653657078743,0.04890422895550728,0.04843590781092644,0.058276426047086716,0.6059757471084595,0.6439393162727356,0.6134622097015381,0.6079494953155518,0.6628652811050415,0.19642552733421326,0.1995222121477127,0.19793248176574707,0.19678495824337006,0.21887557208538055,,,,,,,,,,,,,,,,,,,,,,,,,,,,,,,,,,,,,
16,7799,,,,,,,,,,,,,,,,,,,,,,,1.0089354873343837e-05,1.0089354873343837e-05,3.2614488532090036e-07,,,,,,,,,,,,,,,,,,,,,,,,,,,,,,,,,,
16,7849,,,,,,,,,,,,,,,,,,,,,,,9.63173897616798e-06,9.63173897616798e-06,3.1135212452682026e-07,,,,,,,,,,,,,,,,,,,,,,,,,,,,,,,,,,
16,7899,,,,,,,,,,,,,,,,,,,,,,,9.184839655063115e-06,9.184839655063115e-06,2.969058243706968e-07,,,,,,,,,,,,,,,,,,,,,,,,,,,,,,,,,,
16,7949,,,,,,,,,,,,,,,,,,,,,,,8.748774234845769e-06,8.748774234845769e-06,2.8280973651817476e-07,,,,,,,,,,,,,,,,,,,,,,,,,,,,,,,,,,
16,7999,,,,,,,,,,,,,,,,,,,,,,,8.323657311848365e-06,8.323657311848365e-06,2.690675557914801e-07,,,,,,,,,,,,,,,,,,,,,,,,,,,,,,,,,,
16,8049,,,,,,,,,,,,,,,,,,,,,,,7.909600753919221e-06,7.909600753919221e-06,2.5568292016941996e-07,,,,,,,,,,,,,,,,,,,,,,,,,,,,,,,,,,
16,8099,,,,,,,,,,,,,,,,,,,,,,,7.506712336180499e-06,7.506712336180499e-06,2.426592971005448e-07,,,,,,,,,,,,,,,,,,,,,,,,,,,,,,,,,,
16,8149,,,,,,,,,,,,,,,,,,,,,,,7.115098014764953e-06,7.115098014764953e-06,2.3000011140084098e-07,,,,,,,,,,,,,,,,,,,,,,,,,,,,,,,,,,
16,8199,,,,,,,,,,,,,,,,,,,,,,,6.7348610173212364e-06,6.7348610173212364e-06,2.177087168320213e-07,,,,,,,,,,,,,,,,,,,,,,,,,,,,,,,,,,
16,8244,,,,,,,,,,,,,,,,,,,,,,,,,,0.4212140142917633,0.5633675456047058,0.7899727821350098,298.78106689453125,298.78106689453125,298.72357177734375,298.73809814453125,298.7781677246094,42.8471794128418,0.8219210505485535,0.49311476945877075,0.6655241847038269,4.195048809051514,0.03276747837662697,0.03341939300298691,0.033119458705186844,0.03285803273320198,0.03673196956515312,0.3941435217857361,0.40130266547203064,0.39154526591300964,0.39327043294906616,0.4077169597148895,0.13309986889362335,0.1360144317150116,0.13419093191623688,0.1338026076555252,0.14418621361255646,0.8214685916900635,0.49229079484939575,0.509324848651886,0.6642400622367859,0.8253473043441772,0.757506787776947
16,8244,3898.868408203125,3898.708984375,3898.513916015625,3897.901123046875,3898.677001953125,0.5535078644752502,6.430362224578857,0.04764797165989876,0.048959117382764816,0.04848748445510864,0.04801568016409874,0.058795906603336334,0.6115749478340149,0.649451494216919,0.6196556687355042,0.6135188937187195,0.6684345006942749,0.19478516280651093,0.19784089922904968,0.1966526359319687,0.19582433998584747,0.2189958244562149,,,,,,,,,,,,,,,,,,,,,,,,,,,,,,,,,,,,,
17,8249,,,,,,,,,,,,,,,,,,,,,,,6.366100933519192e-06,6.366100933519192e-06,2.05788296625542e-07,,,,,,,,,,,,,,,,,,,,,,,,,,,,,,,,,,
17,8299,,,,,,,,,,,,,,,,,,,,,,,6.008913715049857e-06,6.008913715049857e-06,1.9424199138029508e-07,,,,,,,,,,,,,,,,,,,,,,,,,,,,,,,,,,
17,8349,,,,,,,,,,,,,,,,,,,,,,,5.6633939493622165e-06,5.6633939493622165e-06,1.8307284221918962e-07,,,,,,,,,,,,,,,,,,,,,,,,,,,,,,,,,,
17,8399,,,,,,,,,,,,,,,,,,,,,,,5.329631676431745e-06,5.329631676431745e-06,1.7228376236744225e-07,,,,,,,,,,,,,,,,,,,,,,,,,,,,,,,,,,
17,8449,,,,,,,,,,,,,,,,,,,,,,,5.007714207749814e-06,5.007714207749814e-06,1.6187757978514128e-07,,,,,,,,,,,,,,,,,,,,,,,,,,,,,,,,,,
17,8499,,,,,,,,,,,,,,,,,,,,,,,4.697726581071038e-06,4.697726581071038e-06,1.5185702295639203e-07,,,,,,,,,,,,,,,,,,,,,,,,,,,,,,,,,,
17,8549,,,,,,,,,,,,,,,,,,,,,,,4.399749741423875e-06,4.399749741423875e-06,1.4222473510017153e-07,,,,,,,,,,,,,,,,,,,,,,,,,,,,,,,,,,
17,8599,,,,,,,,,,,,,,,,,,,,,,,4.113861905352678e-06,4.113861905352678e-06,1.3298323153776437e-07,,,,,,,,,,,,,,,,,,,,,,,,,,,,,,,,,,
17,8649,,,,,,,,,,,,,,,,,,,,,,,3.840138106170343e-06,3.840138106170343e-06,1.2413492811447213e-07,,,,,,,,,,,,,,,,,,,,,,,,,,,,,,,,,,
17,8699,,,,,,,,,,,,,,,,,,,,,,,3.578649966584635e-06,3.578649966584635e-06,1.1568216251589547e-07,,,,,,,,,,,,,,,,,,,,,,,,,,,,,,,,,,
17,8729,,,,,,,,,,,,,,,,,,,,,,,,,,0.41996026039123535,0.5646830201148987,0.7883190512657166,298.78106689453125,298.78106689453125,298.71661376953125,298.7415771484375,298.7735290527344,42.82272720336914,0.8228943347930908,0.4926838278770447,0.6668382883071899,4.189200401306152,0.03207352012395859,0.033254481852054596,0.03293583169579506,0.03221268206834793,0.03643679991364479,0.39642035961151123,0.3999783396720886,0.39345118403434753,0.3943198621273041,0.4083569049835205,0.1325824111700058,0.13621631264686584,0.13466964662075043,0.13313452899456024,0.14445073902606964,0.8214537501335144,0.492321640253067,0.5070760250091553,0.6662211418151855,0.8111827373504639,0.7667609453201294
17,8729,3898.8720703125,3898.67578125,3898.434326171875,3897.09716796875,3898.644287109375,0.4069432318210602,6.337810039520264,0.047429170459508896,0.0491667166352272,0.0481303371489048,0.04791848734021187,0.057650476694107056,0.5963644981384277,0.632802426815033,0.6044501066207886,0.5969936847686768,0.6542963981628418,0.19405360519886017,0.1986033022403717,0.19617882370948792,0.19498293101787567,0.21689334511756897,,,,,,,,,,,,,,,,,,,,,,,,,,,,,,,,,,,,,
18,8749,,,,,,,,,,,,,,,,,,,,,,,3.3294663808192126e-06,3.3294663808192126e-06,1.0762713742451524e-07,,,,,,,,,,,,,,,,,,,,,,,,,,,,,,,,,,
18,8799,,,,,,,,,,,,,,,,,,,,,,,3.0926521503715776e-06,3.0926521503715776e-06,9.997196315225665e-08,,,,,,,,,,,,,,,,,,,,,,,,,,,,,,,,,,
18,8849,,,,,,,,,,,,,,,,,,,,,,,2.8682698030024767e-06,2.8682698030024767e-06,9.271865764048925e-08,,,,,,,,,,,,,,,,,,,,,,,,,,,,,,,,,,
18,8899,,,,,,,,,,,,,,,,,,,,,,,2.6563780011201743e-06,2.6563780011201743e-06,8.58691251437449e-08,,,,,,,,,,,,,,,,,,,,,,,,,,,,,,,,,,
18,8949,,,,,,,,,,,,,,,,,,,,,,,2.4570322239014786e-06,2.4570322239014786e-06,7.942514912429033e-08,,,,,,,,,,,,,,,,,,,,,,,,,,,,,,,,,,
18,8999,,,,,,,,,,,,,,,,,,,,,,,2.2702852220390923e-06,2.2702852220390923e-06,7.338842067383666e-08,,,,,,,,,,,,,,,,,,,,,,,,,,,,,,,,,,
18,9049,,,,,,,,,,,,,,,,,,,,,,,2.096185426125885e-06,2.096185426125885e-06,6.776053851353936e-08,,,,,,,,,,,,,,,,,,,,,,,,,,,,,,,,,,
18,9099,,,,,,,,,,,,,,,,,,,,,,,1.9347785382706206e-06,1.9347785382706206e-06,6.254295925600672e-08,,,,,,,,,,,,,,,,,,,,,,,,,,,,,,,,,,
18,9149,,,,,,,,,,,,,,,,,,,,,,,1.7861073047242826e-06,1.7861073047242826e-06,5.7737064906859814e-08,,,,,,,,,,,,,,,,,,,,,,,,,,,,,,,,,,
18,9199,,,,,,,,,,,,,,,,,,,,,,,1.6502102653248585e-06,1.6502102653248585e-06,5.3344106021313564e-08,,,,,,,,,,,,,,,,,,,,,,,,,,,,,,,,,,
18,9214,,,,,,,,,,,,,,,,,,,,,,,,,,0.42181891202926636,0.5646593570709229,0.7901881337165833,298.78106689453125,298.78106689453125,298.7154541015625,298.6893005371094,298.77294921875,42.922672271728516,0.821902334690094,0.49286949634552,0.6667096018791199,4.198108196258545,0.033044617623090744,0.03340096026659012,0.03316223993897438,0.033146027475595474,0.03714204952120781,0.3931867182254791,0.39997854828834534,0.39102545380592346,0.39118221402168274,0.40571174025535583,0.13385704159736633,0.13583754003047943,0.1349874585866928,0.13414843380451202,0.1449415236711502,0.8225454092025757,0.4932391345500946,0.5083132386207581,0.6648267507553101,0.818895697593689,0.7634416222572327
18,9214,3898.876953125,3898.768798828125,3898.413818359375,3897.41943359375,3898.56298828125,0.33661800622940063,6.318950176239014,0.04793625324964523,0.04936430975794792,0.04870335012674332,0.04821256920695305,0.057732127606868744,0.5942732095718384,0.6306100487709045,0.6010395884513855,0.5949119925498962,0.6537761688232422,0.1928245723247528,0.19660447537899017,0.19468724727630615,0.19334755837917328,0.21483436226844788,,,,,,,,,,,,,,,,,,,,,,,,,,,,,,,,,,,,,
19,9249,,,,,,,,,,,,,,,,,,,,,,,1.5271233451130684e-06,1.5271233451130684e-06,4.936524433674094e-08,,,,,,,,,,,,,,,,,,,,,,,,,,,,,,,,,,
19,9299,,,,,,,,,,,,,,,,,,,,,,,1.4168787174639874e-06,1.4168787174639874e-06,4.580151369282248e-08,,,,,,,,,,,,,,,,,,,,,,,,,,,,,,,,,,
19,9349,,,,,,,,,,,,,,,,,,,,,,,1.319505258834397e-06,1.319505258834397e-06,4.2653852005969384e-08,,,,,,,,,,,,,,,,,,,,,,,,,,,,,,,,,,
19,9399,,,,,,,,,,,,,,,,,,,,,,,1.2350284350759466e-06,1.2350284350759466e-06,3.992308705846881e-08,,,,,,,,,,,,,,,,,,,,,,,,,,,,,,,,,,
19,9449,,,,,,,,,,,,,,,,,,,,,,,1.1634706424956676e-06,1.1634706424956676e-06,3.7609936498483876e-08,,,,,,,,,,,,,,,,,,,,,,,,,,,,,,,,,,
19,9499,,,,,,,,,,,,,,,,,,,,,,,1.1048504120481084e-06,1.1048504120481084e-06,3.57150007346263e-08,,,,,,,,,,,,,,,,,,,,,,,,,,,,,,,,,,
19,9549,,,,,,,,,,,,,,,,,,,,,,,1.0591832051431993e-06,1.0591832051431993e-06,3.423877714681112e-08,,,,,,,,,,,,,,,,,,,,,,,,,,,,,,,,,,
19,9599,,,,,,,,,,,,,,,,,,,,,,,1.0264810725857387e-06,1.0264810725857387e-06,3.318166008625667e-08,,,,,,,,,,,,,,,,,,,,,,,,,,,,,,,,,,
19,9649,,,,,,,,,,,,,,,,,,,,,,,1.006752427201718e-06,1.006752427201718e-06,3.254391955920255e-08,,,,,,,,,,,,,,,,,,,,,,,,,,,,,,,,,,
19,9699,,,,,,,,,,,,,,,,,,,,,,,1.0000026122725103e-06,1.0000026122725103e-06,3.232572609590534e-08,,,,,,,,,,,,,,,,,,,,,,,,,,,,,,,,,,
19,9699,,,,,,,,,,,,,,,,,,,,,,,,,,0.4206652343273163,0.5643376708030701,0.7903122305870056,298.78106689453125,298.78106689453125,298.7073059082031,298.71893310546875,298.7712097167969,42.86896896362305,0.8224362730979919,0.493717223405838,0.6671129465103149,4.199630260467529,0.032826900482177734,0.03334152698516846,0.033235229551792145,0.03302610293030739,0.0368579737842083,0.3942943513393402,0.400806188583374,0.3909844756126404,0.39228177070617676,0.405036598443985,0.13369984924793243,0.13614164292812347,0.13559791445732117,0.1344817727804184,0.14497308433055878,0.8212283849716187,0.492501437664032,0.5067616105079651,0.6641281843185425,0.8227989077568054,0.760300874710083
19,9699,3898.867431640625,3898.617919921875,3898.408447265625,3896.793212890625,3898.52734375,0.6463029980659485,6.393067836761475,0.04795330390334129,0.04963443800806999,0.04885166883468628,0.048286840319633484,0.05826412886381149,0.599913477897644,0.6363769173622131,0.6071602702140808,0.6013827323913574,0.6583639979362488,0.1968439668416977,0.20011290907859802,0.19908517599105835,0.19746726751327515,0.2189510315656662,,,,,,,,,,,,,,,,,,,,,,,,,,,,,,,,,,,,,
