epoch,step,train/cardinality_error,train/cardinality_error_0,train/cardinality_error_1,train/cardinality_error_2,train/cardinality_error_enc,train/class_error,train/loss,train/loss_bbox,train/loss_bbox_0,train/loss_bbox_1,train/loss_bbox_2,train/loss_bbox_enc,train/loss_ce,train/loss_ce_0,train/loss_ce_1,train/loss_ce_2,train/loss_ce_enc,train/loss_giou,train/loss_giou_0,train/loss_giou_1,train/loss_giou_2,train/loss_giou_enc,train/lr,train/lr_max,train/lr_min,val/AP/smoke,val/F1,val/cardinality_error,val/cardinality_error_0,val/cardinality_error_1,val/cardinality_error_2,val/cardinality_error_enc,val/class_error,val/ema_mAP_50,val/ema_mAP_50_95,val/ema_mAR,val/loss,val/loss_bbox,val/loss_bbox_0,val/loss_bbox_1,val/loss_bbox_2,val/loss_bbox_enc,val/loss_ce,val/loss_ce_0,val/loss_ce_1,val/loss_ce_2,val/loss_ce_enc,val/loss_giou,val/loss_giou_0,val/loss_giou_1,val/loss_giou_2,val/loss_giou_enc,val/mAP_50,val/mAP_50_95,val/mAP_75,val/mAR,val/precision,val/recall
8,14799,,,,,,,,,,,,,,,,,,,,,,,9.999999747378752e-05,9.999999747378752e-05,3.232564267818816e-06,,,,,,,,,,,,,,,,,,,,,,,,,,,,,,,,,
8,14849,,,,,,,,,,,,,,,,,,,,,,,9.999999747378752e-05,9.999999747378752e-05,3.232564267818816e-06,,,,,,,,,,,,,,,,,,,,,,,,,,,,,,,,,
8,14899,,,,,,,,,,,,,,,,,,,,,,,9.999999747378752e-05,9.999999747378752e-05,3.232564267818816e-06,,,,,,,,,,,,,,,,,,,,,,,,,,,,,,,,,
8,14949,,,,,,,,,,,,,,,,,,,,,,,9.999999747378752e-05,9.999999747378752e-05,3.232564267818816e-06,,,,,,,,,,,,,,,,,,,,,,,,,,,,,,,,,
8,14999,,,,,,,,,,,,,,,,,,,,,,,9.999999747378752e-05,9.999999747378752e-05,3.232564267818816e-06,,,,,,,,,,,,,,,,,,,,,,,,,,,,,,,,,
8,15049,,,,,,,,,,,,,,,,,,,,,,,9.999999747378752e-05,9.999999747378752e-05,3.232564267818816e-06,,,,,,,,,,,,,,,,,,,,,,,,,,,,,,,,,
8,15099,,,,,,,,,,,,,,,,,,,,,,,9.999999747378752e-05,9.999999747378752e-05,3.232564267818816e-06,,,,,,,,,,,,,,,,,,,,,,,,,,,,,,,,,
8,15149,,,,,,,,,,,,,,,,,,,,,,,9.999999747378752e-05,9.999999747378752e-05,3.232564267818816e-06,,,,,,,,,,,,,,,,,,,,,,,,,,,,,,,,,
8,15199,,,,,,,,,,,,,,,,,,,,,,,9.999999747378752e-05,9.999999747378752e-05,3.232564267818816e-06,,,,,,,,,,,,,,,,,,,,,,,,,,,,,,,,,
8,15249,,,,,,,,,,,,,,,,,,,,,,,9.999999747378752e-05,9.999999747378752e-05,3.232564267818816e-06,,,,,,,,,,,,,,,,,,,,,,,,,,,,,,,,,
8,15299,,,,,,,,,,,,,,,,,,,,,,,9.999999747378752e-05,9.999999747378752e-05,3.232564267818816e-06,,,,,,,,,,,,,,,,,,,,,,,,,,,,,,,,,
8,15349,,,,,,,,,,,,,,,,,,,,,,,9.999999747378752e-05,9.999999747378752e-05,3.232564267818816e-06,,,,,,,,,,,,,,,,,,,,,,,,,,,,,,,,,
8,15399,,,,,,,,,,,,,,,,,,,,,,,9.999999747378752e-05,9.999999747378752e-05,3.232564267818816e-06,,,,,,,,,,,,,,,,,,,,,,,,,,,,,,,,,
8,15449,,,,,,,,,,,,,,,,,,,,,,,9.999999747378752e-05,9.999999747378752e-05,3.232564267818816e-06,,,,,,,,,,,,,,,,,,,,,,,,,,,,,,,,,
8,15499,,,,,,,,,,,,,,,,,,,,,,,9.999999747378752e-05,9.999999747378752e-05,3.232564267818816e-06,,,,,,,,,,,,,,,,,,,,,,,,,,,,,,,,,
8,15549,,,,,,,,,,,,,,,,,,,,,,,9.999999747378752e-05,9.999999747378752e-05,3.232564267818816e-06,,,,,,,,,,,,,,,,,,,,,,,,,,,,,,,,,
8,15599,,,,,,,,,,,,,,,,,,,,,,,9.999999747378752e-05,9.999999747378752e-05,3.232564267818816e-06,,,,,,,,,,,,,,,,,,,,,,,,,,,,,,,,,
8,15649,,,,,,,,,,,,,,,,,,,,,,,9.999999747378752e-05,9.999999747378752e-05,3.232564267818816e-06,,,,,,,,,,,,,,,,,,,,,,,,,,,,,,,,,
8,15699,,,,,,,,,,,,,,,,,,,,,,,9.999999747378752e-05,9.999999747378752e-05,3.232564267818816e-06,,,,,,,,,,,,,,,,,,,,,,,,,,,,,,,,,
8,15749,,,,,,,,,,,,,,,,,,,,,,,9.999999747378752e-05,9.999999747378752e-05,3.232564267818816e-06,,,,,,,,,,,,,,,,,,,,,,,,,,,,,,,,,
8,15799,,,,,,,,,,,,,,,,,,,,,,,9.999999747378752e-05,9.999999747378752e-05,3.232564267818816e-06,,,,,,,,,,,,,,,,,,,,,,,,,,,,,,,,,
8,15849,,,,,,,,,,,,,,,,,,,,,,,9.999999747378752e-05,9.999999747378752e-05,3.232564267818816e-06,,,,,,,,,,,,,,,,,,,,,,,,,,,,,,,,,
8,15899,,,,,,,,,,,,,,,,,,,,,,,9.999999747378752e-05,9.999999747378752e-05,3.232564267818816e-06,,,,,,,,,,,,,,,,,,,,,,,,,,,,,,,,,
8,15949,,,,,,,,,,,,,,,,,,,,,,,9.999999747378752e-05,9.999999747378752e-05,3.232564267818816e-06,,,,,,,,,,,,,,,,,,,,,,,,,,,,,,,,,
8,15999,,,,,,,,,,,,,,,,,,,,,,,9.999999747378752e-05,9.999999747378752e-05,3.232564267818816e-06,,,,,,,,,,,,,,,,,,,,,,,,,,,,,,,,,
8,16049,,,,,,,,,,,,,,,,,,,,,,,9.999999747378752e-05,9.999999747378752e-05,3.232564267818816e-06,,,,,,,,,,,,,,,,,,,,,,,,,,,,,,,,,
8,16099,,,,,,,,,,,,,,,,,,,,,,,9.999999747378752e-05,9.999999747378752e-05,3.232564267818816e-06,,,,,,,,,,,,,,,,,,,,,,,,,,,,,,,,,
8,16149,,,,,,,,,,,,,,,,,,,,,,,9.999999747378752e-05,9.999999747378752e-05,3.232564267818816e-06,,,,,,,,,,,,,,,,,,,,,,,,,,,,,,,,,
8,16199,,,,,,,,,,,,,,,,,,,,,,,9.999999747378752e-05,9.999999747378752e-05,3.232564267818816e-06,,,,,,,,,,,,,,,,,,,,,,,,,,,,,,,,,
8,16249,,,,,,,,,,,,,,,,,,,,,,,9.999999747378752e-05,9.999999747378752e-05,3.232564267818816e-06,,,,,,,,,,,,,,,,,,,,,,,,,,,,,,,,,
8,16299,,,,,,,,,,,,,,,,,,,,,,,9.999999747378752e-05,9.999999747378752e-05,3.232564267818816e-06,,,,,,,,,,,,,,,,,,,,,,,,,,,,,,,,,
8,16349,,,,,,,,,,,,,,,,,,,,,,,9.999999747378752e-05,9.999999747378752e-05,3.232564267818816e-06,,,,,,,,,,,,,,,,,,,,,,,,,,,,,,,,,
8,16399,,,,,,,,,,,,,,,,,,,,,,,9.999999747378752e-05,9.999999747378752e-05,3.232564267818816e-06,,,,,,,,,,,,,,,,,,,,,,,,,,,,,,,,,
8,16449,,,,,,,,,,,,,,,,,,,,,,,9.999999747378752e-05,9.999999747378752e-05,3.232564267818816e-06,,,,,,,,,,,,,,,,,,,,,,,,,,,,,,,,,
8,16499,,,,,,,,,,,,,,,,,,,,,,,9.999999747378752e-05,9.999999747378752e-05,3.232564267818816e-06,,,,,,,,,,,,,,,,,,,,,,,,,,,,,,,,,
8,16549,,,,,,,,,,,,,,,,,,,,,,,9.999999747378752e-05,9.999999747378752e-05,3.232564267818816e-06,,,,,,,,,,,,,,,,,,,,,,,,,,,,,,,,,
8,16599,,,,,,,,,,,,,,,,,,,,,,,9.999999747378752e-05,9.999999747378752e-05,3.232564267818816e-06,,,,,,,,,,,,,,,,,,,,,,,,,,,,,,,,,
8,16622,,,,,,,,,,,,,,,,,,,,,,,,,,0.4496210515499115,0.7322717308998108,298.5461120605469,299.0368347167969,298.49853515625,290.7814636230469,298.68536376953125,11.560976028442383,0.7593453526496887,0.46686315536499023,0.7208777070045471,5.985184669494629,0.013752022758126259,0.014559198170900345,0.014328479766845703,0.013940844684839249,0.017249049618840218,0.7145868539810181,0.7171183228492737,0.7154824733734131,0.7176624536514282,0.7182863354682922,0.19797717034816742,0.2028963416814804,0.20041140913963318,0.19846051931381226,0.21670371294021606,0.7489542961120605,0.4496210515499115,0.47997525334358215,0.7100964188575745,0.718505859375,0.7465753555297852
8,16622,3890.7158203125,3899.220458984375,3895.90283203125,3849.64599609375,3883.26904296875,10.489983558654785,5.446430206298828,0.013825611211359501,0.014273954555392265,0.013952469453215599,0.013853320851922035,0.016644442453980446,0.6255958676338196,0.6345451474189758,0.6265974640846252,0.6259929537773132,0.6570621728897095,0.18526950478553772,0.18887977302074432,0.1867065727710724,0.18567070364952087,0.2104150354862213,,,,,,,,,,,,,,,,,,,,,,,,,,,,,,,,,,,,
9,16649,,,,,,,,,,,,,,,,,,,,,,,9.999999747378752e-05,9.999999747378752e-05,3.232564267818816e-06,,,,,,,,,,,,,,,,,,,,,,,,,,,,,,,,,
9,16699,,,,,,,,,,,,,,,,,,,,,,,9.999999747378752e-05,9.999999747378752e-05,3.232564267818816e-06,,,,,,,,,,,,,,,,,,,,,,,,,,,,,,,,,
9,16749,,,,,,,,,,,,,,,,,,,,,,,9.999999747378752e-05,9.999999747378752e-05,3.232564267818816e-06,,,,,,,,,,,,,,,,,,,,,,,,,,,,,,,,,
9,16799,,,,,,,,,,,,,,,,,,,,,,,9.999999747378752e-05,9.999999747378752e-05,3.232564267818816e-06,,,,,,,,,,,,,,,,,,,,,,,,,,,,,,,,,
9,16849,,,,,,,,,,,,,,,,,,,,,,,9.999999747378752e-05,9.999999747378752e-05,3.232564267818816e-06,,,,,,,,,,,,,,,,,,,,,,,,,,,,,,,,,
9,16899,,,,,,,,,,,,,,,,,,,,,,,9.999999747378752e-05,9.999999747378752e-05,3.232564267818816e-06,,,,,,,,,,,,,,,,,,,,,,,,,,,,,,,,,
9,16949,,,,,,,,,,,,,,,,,,,,,,,9.999999747378752e-05,9.999999747378752e-05,3.232564267818816e-06,,,,,,,,,,,,,,,,,,,,,,,,,,,,,,,,,
9,16999,,,,,,,,,,,,,,,,,,,,,,,9.999999747378752e-05,9.999999747378752e-05,3.232564267818816e-06,,,,,,,,,,,,,,,,,,,,,,,,,,,,,,,,,
9,17049,,,,,,,,,,,,,,,,,,,,,,,9.999999747378752e-05,9.999999747378752e-05,3.232564267818816e-06,,,,,,,,,,,,,,,,,,,,,,,,,,,,,,,,,
9,17099,,,,,,,,,,,,,,,,,,,,,,,9.999999747378752e-05,9.999999747378752e-05,3.232564267818816e-06,,,,,,,,,,,,,,,,,,,,,,,,,,,,,,,,,
9,17149,,,,,,,,,,,,,,,,,,,,,,,9.999999747378752e-05,9.999999747378752e-05,3.232564267818816e-06,,,,,,,,,,,,,,,,,,,,,,,,,,,,,,,,,
9,17199,,,,,,,,,,,,,,,,,,,,,,,9.999999747378752e-05,9.999999747378752e-05,3.232564267818816e-06,,,,,,,,,,,,,,,,,,,,,,,,,,,,,,,,,
9,17249,,,,,,,,,,,,,,,,,,,,,,,9.999999747378752e-05,9.999999747378752e-05,3.232564267818816e-06,,,,,,,,,,,,,,,,,,,,,,,,,,,,,,,,,
9,17299,,,,,,,,,,,,,,,,,,,,,,,9.999999747378752e-05,9.999999747378752e-05,3.232564267818816e-06,,,,,,,,,,,,,,,,,,,,,,,,,,,,,,,,,
9,17349,,,,,,,,,,,,,,,,,,,,,,,9.999999747378752e-05,9.999999747378752e-05,3.232564267818816e-06,,,,,,,,,,,,,,,,,,,,,,,,,,,,,,,,,
9,17399,,,,,,,,,,,,,,,,,,,,,,,9.999999747378752e-05,9.999999747378752e-05,3.232564267818816e-06,,,,,,,,,,,,,,,,,,,,,,,,,,,,,,,,,
9,17449,,,,,,,,,,,,,,,,,,,,,,,9.999999747378752e-05,9.999999747378752e-05,3.232564267818816e-06,,,,,,,,,,,,,,,,,,,,,,,,,,,,,,,,,
9,17499,,,,,,,,,,,,,,,,,,,,,,,9.999999747378752e-05,9.999999747378752e-05,3.232564267818816e-06,,,,,,,,,,,,,,,,,,,,,,,,,,,,,,,,,
9,17549,,,,,,,,,,,,,,,,,,,,,,,9.999999747378752e-05,9.999999747378752e-05,3.232564267818816e-06,,,,,,,,,,,,,,,,,,,,,,,,,,,,,,,,,
9,17599,,,,,,,,,,,,,,,,,,,,,,,9.999999747378752e-05,9.999999747378752e-05,3.232564267818816e-06,,,,,,,,,,,,,,,,,,,,,,,,,,,,,,,,,
9,17649,,,,,,,,,,,,,,,,,,,,,,,9.999999747378752e-05,9.999999747378752e-05,3.232564267818816e-06,,,,,,,,,,,,,,,,,,,,,,,,,,,,,,,,,
9,17699,,,,,,,,,,,,,,,,,,,,,,,9.999999747378752e-05,9.999999747378752e-05,3.232564267818816e-06,,,,,,,,,,,,,,,,,,,,,,,,,,,,,,,,,
9,17749,,,,,,,,,,,,,,,,,,,,,,,9.999999747378752e-05,9.999999747378752e-05,3.232564267818816e-06,,,,,,,,,,,,,,,,,,,,,,,,,,,,,,,,,
9,17799,,,,,,,,,,,,,,,,,,,,,,,9.999999747378752e-05,9.999999747378752e-05,3.232564267818816e-06,,,,,,,,,,,,,,,,,,,,,,,,,,,,,,,,,
9,17849,,,,,,,,,,,,,,,,,,,,,,,9.999999747378752e-05,9.999999747378752e-05,3.232564267818816e-06,,,,,,,,,,,,,,,,,,,,,,,,,,,,,,,,,
9,17899,,,,,,,,,,,,,,,,,,,,,,,9.999999747378752e-05,9.999999747378752e-05,3.232564267818816e-06,,,,,,,,,,,,,,,,,,,,,,,,,,,,,,,,,
9,17949,,,,,,,,,,,,,,,,,,,,,,,9.999999747378752e-05,9.999999747378752e-05,3.232564267818816e-06,,,,,,,,,,,,,,,,,,,,,,,,,,,,,,,,,
9,17999,,,,,,,,,,,,,,,,,,,,,,,9.999999747378752e-05,9.999999747378752e-05,3.232564267818816e-06,,,,,,,,,,,,,,,,,,,,,,,,,,,,,,,,,
9,18049,,,,,,,,,,,,,,,,,,,,,,,9.999999747378752e-05,9.999999747378752e-05,3.232564267818816e-06,,,,,,,,,,,,,,,,,,,,,,,,,,,,,,,,,
9,18099,,,,,,,,,,,,,,,,,,,,,,,9.999999747378752e-05,9.999999747378752e-05,3.232564267818816e-06,,,,,,,,,,,,,,,,,,,,,,,,,,,,,,,,,
9,18149,,,,,,,,,,,,,,,,,,,,,,,9.999999747378752e-05,9.999999747378752e-05,3.232564267818816e-06,,,,,,,,,,,,,,,,,,,,,,,,,,,,,,,,,
9,18199,,,,,,,,,,,,,,,,,,,,,,,9.999999747378752e-05,9.999999747378752e-05,3.232564267818816e-06,,,,,,,,,,,,,,,,,,,,,,,,,,,,,,,,,
9,18249,,,,,,,,,,,,,,,,,,,,,,,9.999999747378752e-05,9.999999747378752e-05,3.232564267818816e-06,,,,,,,,,,,,,,,,,,,,,,,,,,,,,,,,,
9,18299,,,,,,,,,,,,,,,,,,,,,,,9.999999747378752e-05,9.999999747378752e-05,3.232564267818816e-06,,,,,,,,,,,,,,,,,,,,,,,,,,,,,,,,,
9,18349,,,,,,,,,,,,,,,,,,,,,,,9.999999747378752e-05,9.999999747378752e-05,3.232564267818816e-06,,,,,,,,,,,,,,,,,,,,,,,,,,,,,,,,,
9,18399,,,,,,,,,,,,,,,,,,,,,,,9.999999747378752e-05,9.999999747378752e-05,3.232564267818816e-06,,,,,,,,,,,,,,,,,,,,,,,,,,,,,,,,,
9,18449,,,,,,,,,,,,,,,,,,,,,,,9.999999747378752e-05,9.999999747378752e-05,3.232564267818816e-06,,,,,,,,,,,,,,,,,,,,,,,,,,,,,,,,,
9,18469,,,,,,,,,,,,,,,,,,,,,,,,,,0.4297875165939331,0.7224353551864624,298.0265808105469,299.0382995605469,298.48876953125,280.5158386230469,299.0346374511719,11.560976028442383,0.754342257976532,0.46255382895469666,0.7362252473831177,6.033439636230469,0.014941525645554066,0.015755459666252136,0.015276827849447727,0.01534185465425253,0.018187155947089195,0.7018826007843018,0.7123430371284485,0.6978163123130798,0.6985085606575012,0.699177086353302,0.20625273883342743,0.21275271475315094,0.20806974172592163,0.2066788673400879,0.22934599220752716,0.7291054725646973,0.4297875165939331,0.4520832300186157,0.7141806483268738,0.7052428126335144,0.7404870390892029
9,18469,3872.3984375,3899.408203125,3891.952392578125,3750.146240234375,3897.53125,10.151597023010254,5.425075531005859,0.013632415793836117,0.014030903577804565,0.013757769949734211,0.013711211271584034,0.01639646291732788,0.6237478256225586,0.6341448426246643,0.6262303590774536,0.6226807236671448,0.6580480337142944,0.18407373130321503,0.18768155574798584,0.18521501123905182,0.1846635937690735,0.20965716242790222,,,,,,,,,,,,,,,,,,,,,,,,,,,,,,,,,,,,
10,18499,,,,,,,,,,,,,,,,,,,,,,,9.999999747378752e-05,9.999999747378752e-05,3.232564267818816e-06,,,,,,,,,,,,,,,,,,,,,,,,,,,,,,,,,
10,18549,,,,,,,,,,,,,,,,,,,,,,,9.999999747378752e-05,9.999999747378752e-05,3.232564267818816e-06,,,,,,,,,,,,,,,,,,,,,,,,,,,,,,,,,
10,18599,,,,,,,,,,,,,,,,,,,,,,,9.999999747378752e-05,9.999999747378752e-05,3.232564267818816e-06,,,,,,,,,,,,,,,,,,,,,,,,,,,,,,,,,
10,18649,,,,,,,,,,,,,,,,,,,,,,,9.999999747378752e-05,9.999999747378752e-05,3.232564267818816e-06,,,,,,,,,,,,,,,,,,,,,,,,,,,,,,,,,
10,18699,,,,,,,,,,,,,,,,,,,,,,,9.999999747378752e-05,9.999999747378752e-05,3.232564267818816e-06,,,,,,,,,,,,,,,,,,,,,,,,,,,,,,,,,
10,18749,,,,,,,,,,,,,,,,,,,,,,,9.999999747378752e-05,9.999999747378752e-05,3.232564267818816e-06,,,,,,,,,,,,,,,,,,,,,,,,,,,,,,,,,
10,18799,,,,,,,,,,,,,,,,,,,,,,,9.999999747378752e-05,9.999999747378752e-05,3.232564267818816e-06,,,,,,,,,,,,,,,,,,,,,,,,,,,,,,,,,
